"year_month","observed","trend","seasonal","deterministic","stochastic"
Jan 1933,-16.9,-8.10205935107817,-6.5569687948776,-14.6590281459558,-2.24097185404423
Feb 1933,-15.2,-8.10182136311863,-6.389843136261,-14.4916644993796,-0.708335500620372
Mar 1933,-12.4,-8.10158337515909,-4.6442879463899,-12.745871321549,0.345871321548989
Apr 1933,-9.7,-8.10134538719955,-2.14170696611019,-10.2430523533097,0.543052353309742
May 1933,-8.3,-8.10110739924001,1.47302637869284,-6.62808102054717,-1.67191897945283
Jun 1933,-5.1,-8.10086941128047,4.98472698320395,-3.11614242807652,-1.98385757192348
Jul 1933,0.5,-8.10063142332093,7.1197697826807,-0.980861640640228,1.48086164064023
Aug 1933,0.3,-8.10039343536139,7.04213649333437,-1.05825694202702,1.35825694202702
Sep 1933,-2.6,-8.10015544740185,5.36067619101496,-2.73947925638689,0.139479256386891
Oct 1933,-7.2,-8.09991745944231,1.57551707102682,-6.52440038841549,-0.675599611584514
Nov 1933,-13.4,-8.09967947148277,-2.40104069034274,-10.5007201618255,-2.89927983817449
Dec 1933,-14.2,-8.09944148352323,-5.4123592642726,-13.5118007477958,-0.688199252204171
Jan 1934,-14,-8.09920349556369,-6.55696328151003,-14.6561667770737,0.656166777073711
Feb 1934,-11.4,-8.09896550760415,-6.39937904809563,-14.4983445556998,3.09834455569977
Mar 1934,-13.3,-8.0987275196446,-4.6423600418827,-12.7410875615273,-0.558912438472696
Apr 1934,-8.9,-8.09848953168506,-2.14352955951538,-10.2420190912004,1.34201909120044
May 1934,-4.3,-8.09825154372552,1.47319405101381,-6.62505749271171,2.32505749271172
Jun 1934,-2.5,-8.09801355576598,4.98120507296257,-3.11680848280342,0.616808482803416
Jul 1934,0,-8.09777556780644,7.11771483658474,-0.980060731221704,0.980060731221704
Aug 1934,-1,-8.0975375798469,7.03892756227874,-1.05861001756816,0.0586100175681628
Sep 1934,-1.7,-8.09729959188736,5.36053632846739,-2.73676326341997,1.03676326341997
Oct 1934,-6.2,-8.09706160392782,1.58203237142319,-6.51502923250463,0.315029232504634
Nov 1934,-10.5,-8.09682361596828,-2.39734800031402,-10.4941716162823,-0.00582838371769867
Dec 1934,-10.4,-8.09658562800874,-5.40369207753798,-13.5002777055467,3.10027770554672
Jan 1935,-16.9,-8.0963476400492,-6.55704403037389,-14.6533916704231,-2.24660832957691
Feb 1935,-15.1,-8.09610965208966,-6.4090004325623,-14.505110084652,-0.594889915348036
Mar 1935,-14.5,-8.09587166413012,-4.64051682040816,-12.7363884845383,-1.76361151546171
Apr 1935,-12.6,-8.09563367617058,-2.14543119732272,-10.2410648734933,-2.3589351265067
May 1935,-7.8,-8.09539568821104,1.47328831756312,-6.62210737064792,-1.17789262935208
Jun 1935,-1.5,-8.0951577002515,4.97761698805016,-3.11754071220134,1.61754071220134
Jul 1935,-0.6,-8.09491971229196,7.11560094691838,-0.97931876537358,0.37931876537358
Aug 1935,-1.7,-8.09468172433242,7.03567028466584,-1.05901143966659,-0.640988560333414
Sep 1935,-2,-8.09444373637288,5.36035871637568,-2.73408501999719,0.734085019997194
Oct 1935,-6.9,-8.09420574841334,1.58851933345927,-6.50568641495407,-0.394313585045931
Nov 1935,-10.3,-8.0939677604538,-2.39367423746172,-10.4876419979155,0.187641997915522
Dec 1935,-15.2,-8.09372977249426,-5.39503761215349,-13.4887673846477,-1.71123261535225
Jan 1936,-12.2,-8.09349178453472,-6.55713129476159,-14.6506230792963,2.45062307929631
Feb 1936,-14.5,-8.09325379657518,-6.41862562508742,-14.5118794216626,0.0118794216626004
Mar 1936,-12.1,-8.09301580861564,-4.63867469952667,-12.7316905081423,0.631690508142308
Apr 1936,-10.9,-8.0927778206561,-2.14733340252748,-10.2401112231836,-0.65988877681642
May 1936,-5.3,-8.09253983269656,1.47338254991064,-6.61915728278592,1.31915728278592
Jun 1936,-3.7,-8.09230184473702,4.97402888603685,-3.11827295870017,-0.581727041299832
Jul 1936,-1.6,-8.09206385677748,7.11348705725202,-0.978576799525457,-0.621423200474543
Aug 1936,-0.9,-8.09182586881794,7.03241281010532,-1.05941305871261,0.159413058712614
Sep 1936,-3.9,-8.0915878808584,5.36018071038876,-2.73140717046964,-1.16859282953036
Oct 1936,-9.2,-8.09134989289886,1.59500440201541,-6.49634549088345,-2.70365450911655
Nov 1936,-11.7,-8.09111190493932,-2.3900038676741,-10.4811157726134,-1.21888422738659
Dec 1936,-11.9,-8.09087391697978,-5.3863890864444,-13.4772630034242,1.57726300342418
Jan 1937,-11.9,-8.09063592902024,-6.55722704543543,-14.6478629744557,2.74786297445567
Feb 1937,-13.7,-8.0903979410607,-6.4282590249361,-14.5186569659968,0.818656965996801
Mar 1937,-14.5,-8.09015995310116,-4.63684050700617,-12.7270004601073,-1.77299953989267
Apr 1937,-11.6,-8.08992196514161,-2.14923600248655,-10.2391579676282,-1.36084203237184
May 1937,-5.7,-8.08968397718207,1.47348392111055,-6.61620005607153,0.916200056071525
Jun 1937,-3.1,-8.08944598922253,4.97046605216359,-3.11897993705894,0.0189799370589392
Jul 1937,-0.7,-8.08920800126299,7.11141656501337,-0.97779143624962,0.27779143624962
Aug 1937,-1.8,-8.08897001330345,7.02922409152698,-1.05974592177647,-0.740254078223528
Sep 1937,-4.7,-8.08873202534391,5.36009681893847,-2.72863520640545,-1.97136479359455
Oct 1937,-6.6,-8.08849403738437,1.6016094236572,-6.48688461372717,-0.113115386272825
Nov 1937,-10.8,-8.08825604942483,-2.3861877062518,-10.4744437556766,-0.325556244323366
Dec 1937,-15.6,-8.08801806146529,-5.37757431154018,-13.4655923730055,-2.13440762699453
Jan 1938,-14.6,-8.08778007350575,-6.55499569369201,-14.6427757671978,0.0427757671977584
Feb 1938,-14.4,-8.08754208554621,-6.43829201152101,-14.5258340970672,0.125834097067221
Mar 1938,-9.8,-8.08730409758667,-4.63553629817481,-12.7228403957615,2.92284039576148
Apr 1938,-14.3,-8.08706610962713,-2.15428484192214,-10.2413509515493,-4.05864904845073
May 1938,-8.1,-8.08682812166759,1.4728593207022,-6.61396880096539,-1.48603119903461
Jun 1938,-1.2,-8.08659013370805,4.96791577778293,-3.11867435592512,1.91867435592512
Jul 1938,-1.7,-8.08635214574851,7.10801321991066,-0.978338925837852,-0.721661074162148
Aug 1938,-1.3,-8.08611415778897,7.02469236584986,-1.06142179193911,-0.238578208060888
Sep 1938,-3,-8.08587616982943,5.35955310608566,-2.72632306374377,-0.273676936256229
Oct 1938,-4.9,-8.08563818186989,1.6088453651496,-6.47679281672029,1.57679281672029
Nov 1938,-6.6,-8.08540019391035,-2.37917565593903,-10.4645758498494,3.86457584984938
Dec 1938,-14.4,-8.08516220595081,-5.36716105828586,-13.4523232642367,-0.947676735763332
Jan 1939,-13.3,-8.08492421799127,-6.55291560519352,-14.6378398231848,1.33783982318479
Feb 1939,-11.4,-8.08468623003173,-6.44848851112853,-14.5331747411603,3.13317474116026
Mar 1939,-18,-8.08444824207219,-4.63440785214374,-12.7188560942159,-5.28114390578407
Apr 1939,-8.9,-8.08421025411265,-2.15950489077013,-10.2437151448828,1.34371514488278
May 1939,-8.8,-8.08397226615311,1.47206806426935,-6.61190420188376,-2.18809579811624
Jun 1939,-2.4,-8.08373427819357,4.96521579330896,-3.11851848488461,0.71851848488461
Jul 1939,-1.9,-8.08349629023403,7.10447711064581,-0.979019179588219,-0.920980820411781
Aug 1939,-1.1,-8.08325830227449,7.0200517001244,-1.06320660215009,-0.0367933978499111
Sep 1939,-3.8,-8.08302031431495,5.35892427729831,-2.72409603701663,-1.07590396298337
Oct 1939,-9.1,-8.0827823263554,1.61601788954159,-6.46676443681382,-2.63323556318618
Nov 1939,-8.3,-8.08254433839587,-2.37220532389256,-10.4547496622884,2.15474966228842
Dec 1939,-15,-8.08230635043632,-5.35677529950427,-13.4390816499406,-1.5609183500594
Jan 1940,-14.9,-8.08206836247678,-6.55084878737422,-14.632917149851,-0.267082850148993
Feb 1940,-13.5,-8.08183037451724,-6.45869258731783,-14.5405229618351,1.04052296183508
Mar 1940,-13.5,-8.0815923865577,-4.63328128859705,-12.7148736751548,-0.785126324845244
Apr 1940,-10.9,-8.08135439859816,-2.16472590226583,-10.246080300864,-0.653919699136003
May 1940,-7.4,-8.08111641063862,1.47127676502547,-6.60983964561316,-0.790160354386845
Jun 1940,-3.9,-8.08087842267908,4.96251578742947,-3.11836263524962,-0.781637364750382
Jul 1940,-3,-8.08064043471954,7.10094100138096,-0.979699433338585,-2.02030056666142
Aug 1940,-2.1,-8.08040244676,7.01541100044275,-1.06499144631725,-1.03500855368275
Sep 1940,-3.2,-8.08016445880046,5.35829538059859,-2.72186907820187,-0.478130921798132
Oct 1940,-6.8,-8.07992647084092,1.62319132405054,-6.45673514679038,-0.34326485320962
Nov 1940,-10.5,-8.07968848288138,-2.36523310369977,-10.4449215865812,-0.0550784134188476
Dec 1940,-16.4,-8.07945049492184,-5.3463816988587,-13.4258321937805,-2.97416780621946
Jan 1941,-15.6,-8.0792125069623,-6.54876817397326,-14.6279806809356,-0.972019319064435
Feb 1941,-14.9,-8.07897451900276,-6.46886716235439,-14.5478416813572,-0.35215831864285
Mar 1941,-12.4,-8.07873653104322,-4.63210951832653,-12.7108460493698,0.310846049369756
Apr 1941,-11.2,-8.07849854308368,-2.16987026365759,-10.2483688067413,-0.951631193258725
May 1941,-9.7,-8.07826055512414,1.47059355926563,-6.60766699585851,-3.09233300414149
Jun 1941,-3,-8.0780225671646,4.95997329697709,-3.11804927018751,0.11804927018751
Jul 1941,-0.8,-8.07778457920506,7.0976118294863,-0.980172749718764,0.180172749718764
Aug 1941,-2.6,-8.07754659124552,7.01103396979776,-1.06651262144776,-1.53348737855224
Sep 1941,-2.8,-8.07730860328598,5.357986884602,-2.71932171868398,-0.0806782813160183
Oct 1941,-9.8,-8.07707061532644,1.63073202362382,-6.44633859170262,-3.35366140829738
Nov 1941,-10.7,-8.0768326273669,-2.35784675408146,-10.4346793814484,-0.265320618551637
Dec 1941,-13.7,-8.07659463940736,-5.33555520035492,-13.4121498397623,-0.287850160237721
Jan 1942,-18.4,-8.07635665144782,-6.54511286560455,-14.6214695170524,-3.77853048294763
Feb 1942,-17.7,-8.07611866348828,-6.48448730495999,-14.5606059684483,-3.13939403155173
Mar 1942,-10.2,-8.07588067552874,-4.62916800014988,-12.7050486756786,2.50504867567861
Apr 1942,-9.9,-8.0756426875692,-2.1758036318329,-10.2514463194021,0.351446319402095
May 1942,-6.6,-8.07540469960966,1.46861154718979,-6.60679315241986,0.00679315241986256
Jun 1942,-2.3,-8.07516671165012,4.95762119946447,-3.11754551218564,0.817545512185643
Jul 1942,-1.3,-8.07492872369058,7.08940796796287,-0.985520755727703,-0.314479244272297
Aug 1942,-0.7,-8.07469073573104,7.00431610554168,-1.07037463018936,0.370374630189356
Sep 1942,-1.6,-8.0744527477715,5.35831752261564,-2.71613522515585,1.11613522515585
Oct 1942,-4.4,-8.07421475981196,1.64248701261341,-6.43172774719854,2.03172774719854
Nov 1942,-11.4,-8.07397677185241,-2.34526468072379,-10.4192414525762,-0.980758547423795
Dec 1942,-11.2,-8.07373878389287,-5.32262982756874,-13.3963686114616,2.19636861146161
Jan 1943,-13.7,-8.07350079593333,-6.54187629749186,-14.6153770934252,0.9153770934252
Feb 1943,-13.9,-8.07326280797379,-6.50053280510014,-14.5737956130739,0.673795613073931
Mar 1943,-11.1,-8.07302482001425,-4.62665845678626,-12.6996832768005,1.59968327680051
Apr 1943,-9.2,-8.07278683205471,-2.18214236032432,-10.254929192379,1.05492919237903
May 1943,-5,-8.07254884409517,1.46625078929477,-6.6062980548004,1.6062980548004
Jun 1943,-4.4,-8.07231085613563,4.95493776581034,-3.11737309032529,-1.28262690967471
Jul 1943,-1.4,-8.07207286817609,7.0809201799756,-0.991152688200489,-0.408847311799511
Aug 1943,0.3,-8.07183488021655,6.99736902772936,-1.07446585248719,1.37446585248719
Sep 1943,-1.7,-8.07159689225701,5.35847365998066,-2.71312323227635,1.01312323227635
Oct 1943,-4.7,-8.07135890429747,1.65411437052778,-6.41724453376969,1.71724453376969
Nov 1943,-13,-8.07112091633793,-2.33276336886794,-10.4038842852059,-2.59611571479413
Dec 1943,-12.7,-8.07088292837839,-5.30975649126283,-13.3806394196412,0.680639419641221
Jan 1944,-11.4,-8.07064494041885,-6.5386630408379,-14.6093079812568,3.20930798125675
Feb 1944,-18.4,-8.07040695245931,-6.51659143069745,-14.5869983831568,-3.81300161684324
Mar 1944,-17,-8.07016896449977,-4.62415185287826,-12.694320817378,-4.30567918262197
Apr 1944,-8.9,-8.06993097654023,-2.18848258925301,-10.2584135657932,1.35841356579324
May 1944,-6.3,-8.06969298858069,1.46388996998083,-6.60580301859986,0.305803018599862
Jun 1944,-4.1,-8.06945500062115,4.95225430144675,-3.1172006991744,-0.982799300825599
Jul 1944,-1.8,-8.06921701266161,7.07243239198833,-0.996784620673274,-0.803215379326726
Aug 1944,1.7,-8.06897902470207,6.99042287348102,-1.07855615122105,2.77855615122105
Sep 1944,-3.3,-8.06874103674253,5.35863164447363,-2.7101093922689,-0.589890607731101
Oct 1944,-9,-8.06850304878299,1.6657562441352,-6.40274680464779,-2.59725319535221
Nov 1944,-12.3,-8.06826506082345,-2.32023487275396,-10.3884999335774,-1.9115000664226
Dec 1944,-14.8,-8.06802707286391,-5.29681320231817,-13.3648402751821,-1.43515972481792
Jan 1945,-19.7,-8.06778908490437,-6.53533706316459,-14.603126148069,-5.09687385193104
Feb 1945,-10.4,-8.06755109694483,-6.53245992732822,-14.600011024273,4.20001102427305
Mar 1945,-11.6,-8.06731310898529,-4.62137771205653,-12.6886908210418,1.08869082104182
Apr 1945,-8.9,-8.06707512102575,-2.1944391952327,-10.2615143162585,1.36151431625845
May 1945,-5.3,-8.06683713306621,1.46202885965113,-6.60480827341507,1.30480827341507
Jun 1945,-1.8,-8.06659914510667,4.95021578235273,-3.11638336275394,1.31638336275394
Jul 1945,0.3,-8.06636115714713,7.06473478555596,-1.00162637159117,1.30162637159117
Aug 1945,-2.3,-8.06612316918759,6.98440937438409,-1.08171379480349,-1.21828620519651
Sep 1945,-2.8,-8.06588518122805,5.35986475771452,-2.70602042351352,-0.093979576486479
Oct 1945,-5.9,-8.0656471932685,1.67856658324841,-6.3870806100201,0.487080610020096
Nov 1945,-11,-8.06540920530897,-2.3064445743763,-10.3718537796853,-0.628146220314733
Dec 1945,-14.1,-8.06517121734942,-5.28262086158898,-13.3477920789384,-0.752207921061595
Jan 1946,-14.2,-8.06493322938988,-6.5375083668863,-14.6024415962762,0.402441596276191
Feb 1946,-14.4,-8.06469524143034,-6.56974430177685,-14.6344395432072,0.234439543207193
Mar 1946,-10.8,-8.0644572534708,-4.60935983696383,-12.6738170904346,1.87381709043463
Apr 1946,-7.1,-8.06421926551126,-2.19133035548551,-10.2555496209968,3.15554962099677
May 1946,-5.7,-8.06398127755172,1.46219976081278,-6.60178151673894,0.90178151673894
Jun 1946,-3.9,-8.06374328959218,4.93829746838459,-3.12544582120759,-0.774554178792408
Jul 1946,0.3,-8.06350530163264,7.04908808923983,-1.01441721239282,1.31441721239282
Aug 1946,-1.1,-8.0632673136731,6.97375977306826,-1.08950754060484,-0.0104924593951616
Sep 1946,-1.2,-8.06302932571356,5.36503664368082,-2.69799268203274,1.49799268203274
Oct 1946,-6.9,-8.06279133775402,1.70757091371417,-6.35522042403985,-0.544779575960148
Nov 1946,-10.1,-8.06255334979448,-2.29263413514092,-10.3551874849354,0.255187484935403
Dec 1946,-15.8,-8.06231536183494,-5.25946268254855,-13.3217780443835,-2.47822195561651
Jan 1947,-16.4,-8.0620773738754,-6.54089452840968,-14.6029719022851,-1.79702809771492
Feb 1947,-15.7,-8.06183938591586,-6.60821925477293,-14.6700586406888,-1.02994135931121
Mar 1947,-11.4,-8.06160139795632,-4.59850826116438,-12.6601096591207,1.2601096591207
Apr 1947,-7.4,-8.06136340999678,-2.18928602354595,-10.2506494335427,2.85064943354273
May 1947,-4,-8.06112542203724,1.46140794565241,-6.59971747638483,2.59971747638483
Jun 1947,-1.4,-8.0608874340777,4.92555477403191,-3.13533266004579,1.73533266004579
Jul 1947,1,-8.06064944611816,7.03275534847664,-1.02789409764152,2.02789409764152
Aug 1947,0.5,-8.06041145815862,6.96256179903733,-1.09784965912129,1.59784965912129
Sep 1947,-1.9,-8.06017347019908,5.36979782866397,-2.69037564153511,0.790375641535106
Oct 1947,-4.3,-8.05993548223954,1.73627656809232,-6.32365891414721,2.02365891414721
Nov 1947,-10,-8.05969749428,-2.2790103470976,-10.3387078413776,0.338707841377598
Dec 1947,-15.4,-8.05945950632046,-5.23642501741061,-13.2958845237311,-2.10411547626893
Jan 1948,-13.1,-8.05922151836092,-6.54433506654598,-14.6035565849069,1.5035565849069
Feb 1948,-15.3,-8.05898353040138,-6.64672534453171,-14.7057088749331,-0.594291125066913
Mar 1948,-7.8,-8.05874554244184,-4.58766458227739,-12.6464101247192,4.84641012471922
Apr 1948,-9,-8.0585075544823,-2.18724576574029,-10.2457533202226,1.24575332022258
May 1948,-5.1,-8.05826956652276,1.46061587913671,-6.59765368738605,1.49765368738605
Jun 1948,-4.5,-8.05803157856321,4.91281195400158,-3.14521962456164,-1.35478037543836
Jul 1948,-3.4,-8.05779359060367,7.01642260771346,-1.04137098289022,-2.35862901710978
Aug 1948,-1.2,-8.05755560264413,6.95136354244552,-1.10619206019861,-0.0938079398013885
Sep 1948,-1.5,-8.05731761468459,5.37455844852536,-2.68275916615923,1.18275916615923
Oct 1948,-4.1,-8.05707962672505,1.76497878072037,-6.29210084600468,2.19210084600468
Nov 1948,-6.5,-8.05684163876551,-2.26539287743273,-10.3222345161982,3.82223451619825
Dec 1948,-10.8,-8.05660365080597,-5.21339386095072,-13.2699975117567,2.4699975117567
Jan 1949,-12.3,-8.05636566284643,-6.54778230365992,-14.6041479665064,2.30414796650635
Feb 1949,-11.5,-8.05612767488689,-6.68521286098023,-14.7413405358671,3.24134053586713
Mar 1949,-15.4,-8.05588968692735,-4.57677705779224,-12.6326667447196,-2.7673332552804
Apr 1949,-7.5,-8.05565169896781,-2.18509266575138,-10.2407443647192,2.74074436471919
May 1949,-6.8,-8.05541371100827,1.46000565138934,-6.59540805961893,-0.204591940381067
Jun 1949,-3.6,-8.05517572304873,4.90036323275274,-3.15481249029599,-0.445187509704005
Jul 1949,-0.7,-8.05493773508919,7.00049622574494,-1.05444150934425,0.354441509344247
Aug 1949,-0.6,-8.05469974712965,6.94069833246238,-1.11400141466727,0.51400141466727
Sep 1949,-0.7,-8.05446175917011,5.37997880280942,-2.67448295636069,1.97448295636069
Oct 1949,-3.4,-8.05422377121057,1.79444713608096,-6.25977663512961,2.85977663512961
Nov 1949,-12.5,-8.05398578325103,-2.25090285672546,-10.3048886399765,-2.1951113600235
Dec 1949,-11,-8.05374779529149,-5.18943095337644,-13.2431787486679,2.24317874866793
Jan 1950,-13.3,-8.05350980733195,-6.54823657721218,-14.6017463845441,1.30174638454413
Feb 1950,-12.4,-8.05327181937241,-6.71539829137103,-14.7686701107434,2.36867011074344
Mar 1950,-10.3,-8.05303383141287,-4.57708003732973,-12.6301138687426,2.3301138687426
Apr 1950,-12.5,-8.05279584345333,-2.19976973903309,-10.2525655824864,-2.24743441751358
May 1950,-4.7,-8.05255785549379,1.4602454625804,-6.59231239291339,1.89231239291339
Jun 1950,-0.8,-8.05231986753425,4.88276987050655,-3.1695499970277,2.3695499970277
Jul 1950,1.2,-8.05208187957471,6.9915168223261,-1.06056505724861,2.26056505724861
Aug 1950,0.1,-8.05184389161517,6.92057335642015,-1.13127053519501,1.23127053519501
Sep 1950,-3.7,-8.05160590365563,5.3904777218138,-2.66112818184182,-1.03887181815818
Oct 1950,-5.4,-8.05136791569609,1.84608257860793,-6.20528533708815,0.805285337088153
Nov 1950,-10.9,-8.05112992773655,-2.25528360235119,-10.3064135300877,-0.593586469912269
Dec 1950,-15.6,-8.05089193977701,-5.14777523071939,-13.1986671704964,-2.4013328295036
Jan 1951,-13.6,-8.05065395181747,-6.54959340930172,-14.6002473611192,1.00024736111918
Feb 1951,-16,-8.05041596385793,-6.74650773956152,-14.7969237034195,-1.20307629658055
Mar 1951,-15.1,-8.05017797589839,-4.57832849392932,-12.6285064698277,-2.47149353017229
Apr 1951,-11.1,-8.04993998793885,-2.21533548253949,-10.2652754704783,-0.834724529521662
May 1951,-7.3,-8.0497019999793,1.45965341038417,-6.59004858959513,-0.709951410404866
Jun 1951,-3.5,-8.04946401201977,4.8644542131044,-3.18500979891536,-0.314990201084638
Jul 1951,-0.3,-8.04922602406022,6.98192469198262,-1.0673013320776,0.767301332077601
Aug 1951,-0.7,-8.04898803610068,6.8999595449687,-1.14902849113199,0.44902849113199
Sep 1951,-1.3,-8.04875004814114,5.40061169692435,-2.6481383512168,1.3481383512168
Oct 1951,-6.2,-8.0485120601816,1.89745150111739,-6.15106055906421,-0.0489394409357899
Nov 1951,-9.9,-8.04827407222206,-2.2598324441181,-10.3081065163402,0.408106516340164
Dec 1951,-9.9,-8.04803608426252,-5.10623101590758,-13.1542671001701,3.25426710017011
Jan 1952,-17,-8.04779809630298,-6.55100516094054,-14.5988032572435,-2.40119674275647
Feb 1952,-16.1,-8.04756010834344,-6.77764985711457,-14.825209965458,-1.27479003454199
Mar 1952,-11.8,-8.0473221203839,-4.57958736970474,-12.6269094900886,0.826909490088639
Apr 1952,-8,-8.04708413242436,-2.23090666593631,-10.2779907983607,2.27799079836067
May 1952,-7,-8.04684614446482,1.45906089758295,-6.58778524688187,-0.412214753118128
Jun 1952,-1.9,-8.04660815650528,4.84613832539976,-3.20046983110552,1.30046983110552
Jul 1952,1.7,-8.04637016854574,6.97233256163915,-1.07403760690659,2.77403760690659
Aug 1952,0,-8.0461321805862,6.8793412590197,-1.1667909215665,1.1667909215665
Sep 1952,-6.3,-8.04589419262666,5.41073672303983,-2.63515746958683,-3.66484253041317
Oct 1952,-8.2,-8.04565620466712,1.9487689594305,-6.09688724523662,-2.10311275476338
Nov 1952,-14.1,-8.04541821670758,-2.26447526528266,-10.3098934819902,-3.79010651800976
Dec 1952,-14.5,-8.04518022874804,-5.06488210374326,-13.1100623324913,-1.3899376675087
Jan 1953,-14.5,-8.0449422407885,-6.5527135384767,-14.5976557792652,0.0976557792651942
Feb 1953,-15.3,-8.04470425282896,-6.80919597343803,-14.853900226267,-0.446099773733007
Mar 1953,-11.5,-8.04446626486942,-4.58135761712366,-12.6258238819931,1.12582388199308
Apr 1953,-9.4,-8.04422827690988,-2.24705516755722,-10.2912834444671,0.891283444467096
May 1953,-6.2,-8.04399028895034,1.45782511997704,-6.5861651689733,0.386165168973302
Jun 1953,-4.3,-8.0437523009908,4.82718846446824,-3.21656383652256,-1.08343616347744
Jul 1953,-0.1,-8.04351431303126,6.9621157496466,-1.08139856338466,0.981398563384655
Aug 1953,-0.6,-8.04327632507172,6.85815350331961,-1.18512282175211,0.585122821752107
Sep 1953,-1.7,-8.04303833711218,5.42034749130218,-2.62269084581,0.922690845809997
Oct 1953,-4.8,-8.04280034915264,1.99966943402989,-6.04313091512275,1.24313091512275
Nov 1953,-5.4,-8.0425623611931,-2.26943779602153,-10.3120001572146,4.91200015721463
Dec 1953,-10.6,-8.04232437323356,-5.02367431427968,-13.0659986875132,2.46599868751324
Jan 1954,-17.4,-8.04208638527402,-6.51167175034401,-14.553758135618,-2.84624186438197
Feb 1954,-14.9,-8.04184839731448,-6.80868342690013,-14.8505318242146,-0.0494681757853979
Mar 1954,-12.3,-8.04161040935494,-4.6268141678012,-12.6684245771561,0.368424577156137
Apr 1954,-11.7,-8.0413724213954,-2.31320165649496,-10.3545740778904,-1.34542592210965
May 1954,-7.2,-8.04113443343586,1.44257611462467,-6.59855831881119,-0.601441681188811
Jun 1954,-2.1,-8.04089644547631,4.83480693860919,-3.20608950686712,1.10608950686712
Jul 1954,-3.7,-8.04065845751678,6.9589439370023,-1.08171452051447,-2.61828547948553
Aug 1954,-2.4,-8.04042046955723,6.82719896763041,-1.21322150192682,-1.18677849807318
Sep 1954,-3.1,-8.04018248159769,5.41820735658041,-2.62197512501728,-0.478024874982716
Oct 1954,-5.6,-8.03994449363815,2.07290751021955,-5.9670369834186,0.367036983418604
Nov 1954,-9.3,-8.03970650567861,-2.23813203644201,-10.2778385421206,0.977838542120619
Dec 1954,-11.8,-8.03946851771907,-5.01222214990255,-13.0516906676216,1.25169066762162
Jan 1955,-12,-8.03923052975953,-6.47081753085321,-14.5100480606127,2.51004806061274
Feb 1955,-17.5,-8.03899254179999,-6.80841152974221,-14.8474040715422,-2.6525959284578
Mar 1955,-14.4,-8.03875455384045,-4.67256444859685,-12.7113190024373,-1.6886809975627
Apr 1955,-11,-8.03851656588091,-2.37966024005004,-10.4181768059309,-0.581823194069052
May 1955,-7.4,-8.03827857792137,1.42699665015572,-6.61128192776565,-0.788718072234352
Jun 1955,-3.7,-8.03804058996183,4.84213939607232,-3.19590119388951,-0.504098806110494
Jul 1955,-1.4,-8.03780260200229,6.95553055011894,-1.08227205188335,-0.317727948116648
Aug 1955,-2.7,-8.03756461404275,6.79608353230385,-1.2414810817389,-1.4585189182611
Sep 1955,-4,-8.03732662608321,5.41598699682297,-2.62133962926024,-1.37866037073976
Oct 1955,-7.1,-8.03708863812367,2.14611201680916,-5.89097662131451,-1.20902337868549
Nov 1955,-8.9,-8.03685065016413,-2.20681319102692,-10.243663841191,1.34366384119105
Dec 1955,-11.9,-8.03661266220459,-5.00074654761719,-13.0373592098218,1.13735920982178
Jan 1956,-12.9,-8.03637467424505,-6.4299295213815,-14.4663041956265,1.56630419562654
Feb 1956,-21.7,-8.03613668628551,-6.80811578282148,-14.844252469107,-6.85574753089301
Mar 1956,-14.2,-8.03589869832597,-4.71830081984778,-12.7541995181737,-1.44580048182625
Apr 1956,-13,-8.03566071036643,-2.44611149925168,-10.4817722096181,-2.5182277903819
May 1956,-6.6,-8.03542272240689,1.41141792484893,-6.62400479755796,0.0240047975579554
Jun 1956,-6,-8.03518473444735,4.84947222311654,-3.18571251133081,-2.81428748866919
Jul 1956,-1.3,-8.03494674648781,6.95211716323557,-1.08282958325224,-0.217170416747764
Aug 1956,-2.1,-8.03470875852827,6.76496542860477,-1.2697433299235,-0.830256670076502
Sep 1956,-1.9,-8.03447077056873,5.41376130032051,-2.62070947024822,0.720709470248218
Oct 1956,-7.9,-8.03423278260919,2.21928813033861,-5.81494465227058,-2.08505534772942
Nov 1956,-11.5,-8.03399479464965,-2.17554579498713,-10.2095405896368,-1.29045941036322
Dec 1956,-12.5,-8.0337568066901,-4.98938068249588,-13.023137489186,0.52313748918599
Jan 1957,-14.3,-8.03351881873057,-6.3892095368626,-14.4227283555932,0.122728355593164
Feb 1957,-13.3,-8.03328083077102,-6.80806746378121,-14.8413482945522,1.54134829455223
Mar 1957,-8.7,-8.03304284281148,-4.76436402190681,-12.7974068647183,4.09740686471829
Apr 1957,-10.9,-8.03280485485194,-2.5129688116103,-10.5457736664622,-0.354226333537756
May 1957,-8.6,-8.0325668668924,1.39535392403628,-6.63721294285612,-1.96278705714388
Jun 1957,-2.6,-8.03232887893286,4.85626469632894,-3.17606418260393,0.576064182603927
Jul 1957,-1.5,-8.03209089097332,6.94810834419445,-1.08398254677888,-0.416017453221123
Aug 1957,-2.1,-8.03185290301378,6.73325224616595,-1.29860065684783,-0.801399343152167
Sep 1957,-4.3,-8.03161491505424,5.41094087849632,-2.62067403655792,-1.67932596344208
Oct 1957,-4,-8.0313769270947,2.2919596113207,-5.739417315774,1.739417315774
Nov 1957,-7.7,-8.03113893913516,-2.14469293872033,-10.1758318778555,2.47583187785549
Dec 1957,-12.2,-8.03090095117562,-4.97822622353994,-13.0091271747156,0.809127174715567
Jan 1958,-12.7,-8.03066296321608,-6.32104326464459,-14.3517062278607,1.65170622786067
Feb 1958,-12.6,-8.03042497525654,-6.80394659472918,-14.8343715699857,2.23437156998572
Mar 1958,-16.1,-8.030186987297,-4.82517416950778,-12.8553611568048,-3.24463884319522
Apr 1958,-13.6,-8.02994899933746,-2.58835384531856,-10.618302844656,-2.98169715534398
May 1958,-3.9,-8.02971101137792,1.3806266179497,-6.64908439342822,2.74908439342822
Jun 1958,-3.7,-8.02947302341838,4.85513038792639,-3.17434263549199,-0.525657364508012
Jul 1958,-0.4,-8.02923503545884,6.94417479128684,-1.085060244172,0.685060244171999
Aug 1958,0.3,-8.0289970474993,6.7274091355312,-1.3015879119681,1.6015879119681
Sep 1958,-0.8,-8.02875905953976,5.40302823401911,-2.62573082552065,1.82573082552065
Oct 1958,-6.7,-8.02852107158022,2.33113405525251,-5.69738701632771,-1.00261298367229
Nov 1958,-9.3,-8.02828308362068,-2.1191643972487,-10.1474474808694,0.847447480869375
Dec 1958,-11.9,-8.02804509566114,-4.95303766647345,-12.9810827621346,1.08108276213459
Jan 1959,-15.1,-8.0278071077016,-6.25130794668643,-14.279115054388,-0.82088494561197
Feb 1959,-10.7,-8.02756911974206,-6.79845336726888,-14.8260224870109,4.12602248701094
Mar 1959,-10.7,-8.02733113178252,-4.88480864603234,-12.9121397778149,2.21213977781486
Apr 1959,-9.3,-8.02709314382298,-2.6627641350118,-10.6898572788348,1.38985727883478
May 1959,-6.6,-8.02685515586344,1.36667312881676,-6.66018202704668,0.0601820270466797
Jun 1959,-2.8,-8.0266171679039,4.8545991652235,-3.1720180026804,0.372018002680396
Jul 1959,0.1,-8.02637917994436,6.94067359282491,-1.08570558711945,1.18570558711945
Aug 1959,-1.4,-8.02614119198482,6.72187805088348,-1.30426314110134,-0.0957368588986598
Sep 1959,-1,-8.02590320402528,5.39530728707027,-2.630595916955,1.630595916955
Oct 1959,-5.8,-8.02566521606574,2.37042883172513,-5.6552363843406,-0.144763615659396
Nov 1959,-10.2,-8.0254272281062,-2.09358688822381,-10.11901411633,-0.0809858836699942
Dec 1959,-12.8,-8.02518924014666,-4.92782892895525,-12.9530181691019,0.153018169101905
Jan 1960,-15.3,-8.02495125218712,-6.1815812353781,-14.2065324875652,-1.09346751243478
Feb 1960,-13.8,-8.02471326422758,-6.79296777682212,-14.8176810410497,1.01768104104969
Mar 1960,-12.8,-8.02447527626803,-4.94444978993416,-12.9689250662022,0.168925066202188
Apr 1960,-11.2,-8.0242372883085,-2.73717791229186,-10.7614152006004,-0.438584799399642
May 1960,-5.8,-8.02399930034895,1.35271933188742,-6.67127996846153,0.87127996846153
Jun 1960,-2.2,-8.02376131238941,4.85406778862241,-3.169693523767,0.969693523767
Jul 1960,-2.9,-8.02352332442987,6.93717239436297,-1.0863509300669,-1.8136490699331
Aug 1960,-2.4,-8.02328533647033,6.71634752722138,-1.30693780924895,-1.09306219075105
Sep 1960,-4.6,-8.02304734851079,5.3875874620927,-2.63545988641809,-1.96454011358191
Oct 1960,-8.9,-8.02280936055125,2.40971620268577,-5.61309315786549,-3.28690684213451
Nov 1960,-10.8,-8.02257137259171,-2.06802531219416,-10.0905966847859,-0.709403315214132
Dec 1960,-13.8,-8.02233338463217,-4.90270976745517,-12.9250431520873,-0.874956847912657
Jan 1961,-14.1,-8.02209539667263,-6.11201774311079,-14.1341131397834,0.0341131397834236
Feb 1961,-11.8,-8.02185740871309,-6.78785632456325,-14.8097137332763,3.00971373327634
Mar 1961,-10.6,-8.02161942075355,-5.00467599117074,-13.0262954119243,2.42629541192429
Apr 1961,-8,-8.02138143279401,-2.81254588536685,-10.8339273181609,2.83392731816086
May 1961,-8,-8.02114344483447,1.33744220070301,-6.68370124413146,-1.31629875586854
Jun 1961,-1.9,-8.02090545687493,4.85173073461371,-3.16917472226122,1.26917472226122
Jul 1961,-2.8,-8.02066746891539,6.93138317534089,-1.0892842935745,-1.7107157064255
Aug 1961,-0.8,-8.02042948095585,6.70806006209934,-1.31236941885651,0.512369418856512
Sep 1961,0,-8.02019149299631,5.37664177475537,-2.64354971824094,2.64354971824094
Oct 1961,-5.3,-8.01995350503677,2.44545148842754,-5.57450201660922,0.274502016609225
Nov 1961,-9.8,-8.01971551707723,-2.04634204424246,-10.0660575613197,0.266057561319689
Dec 1961,-12,-8.01947752911769,-4.88152206079988,-12.9009995899176,0.90099958991757
Jan 1962,-13.1,-8.01923954115815,-6.05830784204446,-14.0775473832026,0.977547383202612
Feb 1962,-15.3,-8.01900155319861,-6.74049298119571,-14.7594945343943,-0.540505465605687
Mar 1962,-15.6,-8.01876356523907,-5.04409442715867,-13.0628579923977,-2.53714200760226
Apr 1962,-12.6,-8.01852557727953,-2.86517324198617,-10.8836988192657,-1.7163011807343
May 1962,-8.5,-8.01828758931999,1.33111708806972,-6.68717050125026,-1.81282949874974
Jun 1962,-3.9,-8.01804960136045,4.83458888351898,-3.18346071784147,-0.716539282158531
Jul 1962,-1.9,-8.01781161340091,6.91600975321811,-1.1018018601828,-0.798198139817201
Aug 1962,1,-8.01757362544137,6.71169899051219,-1.30587463492918,2.30587463492918
Sep 1962,-2.4,-8.01733563748183,5.36493801730251,-2.65239762017931,0.252397620179314
Oct 1962,-3.4,-8.01709764952229,2.45298473769782,-5.56411291182446,2.16411291182446
Nov 1962,-12.8,-8.01685966156275,-2.06044904234937,-10.0773087039121,-2.72269129608788
Dec 1962,-15,-8.0166216736032,-4.86188851836027,-12.8785101919635,-2.12148980803652
Jan 1963,-17.6,-8.01638368564367,-6.00103078506745,-14.0174144707111,-3.58258552928888
Feb 1963,-17.8,-8.01614569768413,-6.68963183453047,-14.7057775322146,-3.09422246778541
Mar 1963,-12.4,-8.01590770972458,-5.08008441246191,-13.0959921221865,0.695992122186489
Apr 1963,-9.3,-8.01566972176504,-2.91469089608596,-10.930360617851,1.63036061785101
May 1963,-6.9,-8.0154317338055,1.3275829297908,-6.68784880401471,-0.212151195985292
Jun 1963,-2.8,-8.01519374584596,4.81979462283187,-3.1953991230141,0.395399123014098
Jul 1963,0.5,-8.01495575788642,6.90254055755621,-1.11241520033021,1.61241520033021
Aug 1963,-2,-8.01471776992688,6.71681320520264,-1.29790456472424,-0.702095435275759
Sep 1963,-2.6,-8.01447978196734,5.35428060594397,-2.66019917602337,0.060199176023374
Oct 1963,-4.3,-8.0142417940078,2.46125991398206,-5.55298188002574,1.25298188002574
Nov 1963,-8.6,-8.01400380604826,-2.07411853252267,-10.0881223385709,1.48812233857093
Dec 1963,-11.6,-8.01376581808872,-4.8419790420544,-12.8557448601431,1.25574486014313
Jan 1964,-10.4,-8.01352783012918,-5.94363936829153,-13.9571671984207,3.55716719842071
Feb 1964,-12.9,-8.01328984216964,-6.63870768196064,-14.6519975241303,1.75199752413028
Mar 1964,-12.6,-8.0130518542101,-5.11606274575486,-13.129114599965,0.529114599964965
Apr 1964,-9.8,-8.01281386625056,-2.96420266395035,-10.9770165302009,1.17701653020091
May 1964,-5.1,-8.01257587829102,1.32404889197241,-6.68852698631861,1.58852698631861
Jun 1964,-1.2,-8.01233789033148,4.80500042237502,-3.20733746795646,2.00733746795646
Jul 1964,0,-8.01209990237194,6.88907136189431,-1.12302854047763,1.12302854047763
Aug 1964,-1.4,-8.0118619144124,6.72193146066408,-1.28993045374832,-0.110069546251684
Sep 1964,-1.5,-8.01162392645286,5.3436312761274,-2.66799265032546,1.16799265032546
Oct 1964,-9.1,-8.01138593849332,2.46957268282569,-5.54181325566763,-3.55818674433237
Nov 1964,-8.5,-8.01114795053378,-2.08772091911917,-10.098868869653,1.59886886965295
Dec 1964,-12.8,-8.01090996257424,-4.82194465281857,-12.8328546153928,0.0328546153928055
Jan 1965,-14.7,-8.0106719746147,-5.88606522923247,-13.8967372038472,-0.803262796152834
Feb 1965,-18.5,-8.01043398665516,-6.58754598903776,-14.5979799756929,-3.90202002430708
Mar 1965,-13.5,-8.01019599869562,-5.15174872062487,-13.1619447193205,-0.338055280679512
Apr 1965,-13.2,-8.00995801073608,-3.01340240029635,-11.0233604110324,-2.17663958896757
May 1965,-7.5,-8.00972002277654,1.32084655876783,-6.68887346400871,-0.811126535991292
Jun 1965,-2.8,-8.009482034817,4.79048303529654,-3.21899899952045,0.418998999520455
Jul 1965,-2.4,-8.00924404685746,6.87582408837534,-1.13341995848212,-1.26658004151788
Aug 1965,-2.4,-8.00900605889792,6.72713793838166,-1.28186812051625,-1.11813187948375
Sep 1965,-4.8,-8.00876807093838,5.3329364686802,-2.67583160225818,-2.12416839774182
Oct 1965,-3.3,-8.00853008297883,2.47762335004464,-5.5309067329342,2.2309067329342
Nov 1965,-12.7,-8.0082920950193,-2.10180203133439,-10.1100941263537,-2.58990587364631
Dec 1965,-13.5,-8.00805410705975,-4.80266713071776,-12.8107212377775,-0.689278762222486
Jan 1966,-14.9,-8.00781611910021,-5.87372224994498,-13.8815383690452,-1.01846163095481
Feb 1966,-10.5,-8.00757813114067,-6.52335869446495,-14.5309368256056,4.03093682560563
Mar 1966,-14.9,-8.00734014318113,-5.1593497016413,-13.1666898448224,-1.73331015517757
Apr 1966,-9,-8.00710215522159,-3.0486207049865,-11.0557228602081,2.05572286020809
May 1966,-6.6,-8.00686416726205,1.30676246036109,-6.70010170690096,0.100101706900963
Jun 1966,-2.7,-8.00662617930251,4.77371683147168,-3.23290934783083,0.532909347830834
Jul 1966,-2.9,-8.00638819134297,6.86862495299905,-1.13776323834393,-1.76223676165607
Aug 1966,-2.3,-8.00615020338343,6.73674935916525,-1.26940084421818,-1.03059915578182
Sep 1966,-0.5,-8.00591221542389,5.33028733039301,-2.67562488503088,2.17562488503088
Oct 1966,-5,-8.00567422746435,2.49184284036078,-5.51383138710357,0.513831387103573
Nov 1966,-14.3,-8.00543623950481,-2.12156394583508,-10.1270001853399,-4.17299981466011
Dec 1966,-14.4,-8.00519825154527,-4.79991391764706,-12.8051121691923,-1.59488783080767
Jan 1967,-14.2,-8.00496026358573,-5.86203199224409,-13.8669922558298,-0.333007744170175
Feb 1967,-13.1,-8.00472227562619,-6.45959897236661,-14.4643212479928,1.3643212479928
Mar 1967,-12.9,-8.00448428766665,-5.16715310602005,-13.1716373936867,0.271637393686698
Apr 1967,-12,-8.00424629970711,-3.0838899692394,-11.0881362689465,-0.911863731053488
May 1967,-6.7,-8.00400831174757,1.29277886619115,-6.71122944555642,0.0112294455564204
Jun 1967,-3.8,-8.00377032378803,4.75711687941491,-3.24665344437312,-0.553346555626884
Jul 1967,0.8,-8.00353233582849,6.86165781692215,-1.14187451890633,1.94187451890633
Aug 1967,-0.4,-8.00329434786895,6.74658741061918,-1.25670693724977,0.856706937249765
Sep 1967,-3.7,-8.00305635990941,5.32785945414711,-2.6751969057623,-1.0248030942377
Oct 1967,-3.3,-8.00281837194987,2.50624624047472,-5.49657213147514,2.19657213147514
Nov 1967,-7.4,-8.00258038399033,-2.14117930278144,-10.1437596867718,2.74375968677177
Dec 1967,-14.8,-8.00234239603079,-4.79705642011625,-12.799398816147,-2.00060118385296
Jan 1968,-16.8,-8.00210440807125,-5.85027972317732,-13.8523841312486,-2.94761586875143
Feb 1968,-13.7,-8.00186642011171,-6.39580227956563,-14.3976686996773,0.697668699677333
Mar 1968,-11.9,-8.00162843215217,-5.17494458035941,-13.1765730125116,1.27657301251157
Apr 1968,-8.7,-8.00139044419263,-3.11915307394711,-11.1205435181397,2.42054351813974
May 1968,-6.8,-8.00115245623309,1.27879566107221,-6.72235679516088,-0.0776432048391227
Jun 1968,-3.5,-8.00091446827355,4.74051712188365,-3.2603973463899,-0.239602653610102
Jul 1968,-1.6,-8.00067648031401,6.85469068084526,-1.14598579946874,-0.454014200531257
Aug 1968,-2.7,-8.00043849235447,6.75642985880342,-1.24400863355105,-1.45599136644895
Sep 1968,-3.9,-8.00020050439493,5.32544037136182,-2.67476013303311,-1.22523986696689
Oct 1968,-3.5,-7.99996251643539,2.52071225902075,-5.47925025741464,1.97925025741464
Nov 1968,-8.4,-7.99972452847584,-2.16067821632426,-10.1604027448001,1.7604027448001
Dec 1968,-15.2,-7.9994865405163,-4.79388967196221,-12.7933762124785,-2.40662378752148
Jan 1969,-12.6,-7.99924855255676,-5.83802539626763,-13.8372739488244,1.23727394882439
Feb 1969,-18.8,-7.99901056459722,-6.33112427314271,-14.3301348377399,-4.46986516226007
Mar 1969,-12.9,-7.99877257663768,-5.18147548529782,-13.1802480619355,0.280248061935504
Apr 1969,-11.9,-7.99853458867814,-3.15261487698491,-11.1511494656631,-0.748850534336949
May 1969,-5,-7.9982966007186,1.26715448989214,-6.73114211082646,1.73114211082646
Jun 1969,-4.8,-7.99805861275906,4.72685470237577,-3.27120391038329,-1.52879608961671
Jul 1969,0.1,-7.99782062479952,6.85125618687628,-1.14656443792325,1.24656443792325
Aug 1969,-2.6,-7.99758263683998,6.77030972666824,-1.22727291017174,-1.37272708982826
Sep 1969,-1.2,-7.99734464888044,5.3275634858298,-2.66978116305065,1.46978116305065
Oct 1969,-2.6,-7.9971066609209,2.5399605396922,-5.45714612122871,2.85714612122871
Nov 1969,-10.6,-7.99686867296136,-2.17515480286949,-10.1720234758309,-0.427976524169145
Dec 1969,-16.1,-7.99663068500182,-4.78591367033725,-12.7825443553391,-3.31745564466093
Jan 1970,-12.4,-7.99639269704228,-5.85952519475897,-13.8559178918013,1.45591789180125
Feb 1970,-17.8,-7.99615470908274,-6.32159775483201,-14.3177524639148,-3.48224753608525
Mar 1970,-16.8,-7.9959167211232,-5.19452710046282,-13.190443821586,-3.60955617841398
Apr 1970,-14.7,-7.99567873316366,-3.16726010028429,-11.162938833448,-3.53706116655205
May 1970,-8.7,-7.99544074520412,1.25115132674032,-6.7442894184638,-1.9557105815362
Jun 1970,-2.4,-7.99520275724458,4.69885839746356,-3.29634435978102,0.896344359781017
Jul 1970,-1.5,-7.99496476928504,6.87823014101905,-1.11673462826599,-0.383265371734012
Aug 1970,-1,-7.9947267813255,6.78586329303191,-1.20886348829359,0.208863488293592
Sep 1970,-1.1,-7.99448879336596,5.33300071737692,-2.66148807598904,1.56148807598904
Oct 1970,-6.6,-7.99425080540642,2.55974192331856,-5.43450888208786,-1.16549111791214
Nov 1970,-8.5,-7.99401281744688,-2.15615020903416,-10.150163026481,1.65016302648103
Dec 1970,-14.1,-7.99377482948734,-4.753912387308,-12.7476872167953,-1.35231278320466
Jan 1971,-14.1,-7.9935368415278,-5.88645054850498,-13.8799873900328,-0.220012609967224
Feb 1971,-14.7,-7.99329885356826,-6.31723766287364,-14.3105365164419,-0.389463483558107
Mar 1971,-16.7,-7.99306086560872,-5.21248601307781,-13.2055468786865,-3.49445312131347
Apr 1971,-8.4,-7.99282287764918,-3.18625646264411,-11.1790793402933,2.77907934029329
May 1971,-5.1,-7.99258488968964,1.23135318291761,-6.76123170677202,1.66123170677202
Jun 1971,-5.1,-7.9923469017301,4.66770496152296,-3.32464194020713,-1.77535805979287
Jul 1971,0.2,-7.99210891377056,6.90268481377594,-1.08942409999462,1.28942409999462
Aug 1971,0.5,-7.99187092581101,6.7994544237836,-1.19241650202742,1.69241650202742
Sep 1971,-3.4,-7.99163293785147,5.33703235908599,-2.65460057876548,-0.745399421234518
Oct 1971,-3,-7.99139494989193,2.57850870666258,-5.41288624322936,2.41288624322936
Nov 1971,-11.1,-7.99115696193239,-2.13776922592545,-10.1289261878578,-0.971073812142153
Dec 1971,-8.7,-7.99091897397285,-4.72231889935205,-12.7132378733249,4.0132378733249
Jan 1972,-14,-7.99068098601331,-5.91356788167095,-13.9042488676843,-0.0957511323157316
Feb 1972,-13,-7.99044299805377,-6.31298784952658,-14.3034308475804,1.30343084758036
Mar 1972,-11.7,-7.99020501009423,-5.23047350349547,-13.2206785135897,1.52067851358971
Apr 1972,-11.1,-7.98996702213469,-3.20526747849659,-11.1952345006313,0.09523450063128
May 1972,-8.3,-7.98972903417515,1.21155430991227,-6.77817472426288,-1.52182527573712
Jun 1972,-3.6,-7.98949104621561,4.63655116099104,-3.35293988522457,-0.247060114775432
Jul 1972,-1.1,-7.98925305825607,6.92713948653283,-1.06211357172324,-0.0378864282767553
Aug 1972,-1.9,-7.98901507029653,6.81304431904443,-1.1759707512521,-0.724029248747898
Sep 1972,-6.4,-7.98877708233699,5.34106152981335,-2.64771555252365,-3.75228444747636
Oct 1972,-5.6,-7.98853909437745,2.59726467771288,-5.39127441666457,-0.208725583335431
Nov 1972,-9.8,-7.98830110641791,-2.11940739642246,-10.1077085028404,0.307708502840367
Dec 1972,-10.2,-7.98806311845837,-4.69075905960128,-12.6788221780597,2.47882217805965
Jan 1973,-12,-7.98782513049883,-5.94073335764159,-13.9285584881404,1.92855848814042
Feb 1973,-16.8,-7.98758714253929,-6.30879226798699,-14.2963794105263,-2.50362058947372
Mar 1973,-13.8,-7.98734915457975,-5.24852131472339,-13.2358704693031,-0.56412953069686
Apr 1973,-14.3,-7.98711116662021,-3.2243134027642,-11.2114245693844,-3.08857543061559
May 1973,-5.2,-7.98687317866067,1.19174594088691,-6.79512723777376,1.59512723777376
Jun 1973,-2.2,-7.98663519070113,4.60547314804878,-3.38116204265235,1.18116204265235
Jul 1973,-2.2,-7.98639720274159,6.95175523048904,-1.03464197225255,-1.16535802774745
Aug 1973,0.8,-7.98615921478205,6.82696533022677,-1.15919388455528,1.95919388455528
Sep 1973,-2.2,-7.98592122682251,5.34559186118439,-2.64032936563812,0.440329365638118
Oct 1973,-6.2,-7.98568323886297,2.61676849275935,-5.36891474610362,-0.831085253896385
Nov 1973,-10.4,-7.98544525090343,-2.10005103957082,-10.0854962904743,-0.31450370952575
Dec 1973,-13.4,-7.98520726294389,-4.65792064704332,-12.6431279099872,-0.756872090012797
Jan 1974,-10.7,-7.98496927498435,-5.95241057887532,-13.9373798538597,3.23737985385966
Feb 1974,-13.9,-7.98473128702481,-6.31031028814954,-14.2950415751744,0.39504157517435
Mar 1974,-12.5,-7.98449329906527,-5.27275497139511,-13.2572482704604,0.757248270460376
Apr 1974,-11.4,-7.98425531110573,-3.2465113596592,-11.2307666707649,-0.169233329235075
May 1974,-7.7,-7.98401732314619,1.18425765311022,-6.79975967003597,-0.900240329964034
Jun 1974,-5,-7.98377933518664,4.55103748095742,-3.43274185422922,-1.56725814577078
Jul 1974,-2.1,-7.9835413472271,6.97959522759528,-1.00394611963182,-1.09605388036818
Aug 1974,-0.1,-7.98330335926756,6.85068520475832,-1.13261815450925,1.03261815450925
Sep 1974,-4.1,-7.98306537130802,5.34423230707922,-2.6388330642288,-1.4611669357712
Oct 1974,-14.6,-7.98282738334848,2.60240790503435,-5.38041947831413,-9.21958052168587
Nov 1974,-11.7,-7.98258939538894,-2.08602015777451,-10.0686095531635,-1.63139044683654
Dec 1974,-12.1,-7.9823514074294,-4.58774424932972,-12.5700956567591,0.470095656759126
Jan 1975,-10.9,-7.98211341946986,-5.9629871794681,-13.945100598938,3.04510059893796
Feb 1975,-12.1,-7.98187543151032,-6.31101947114269,-14.292894902653,2.19289490265302
Mar 1975,-15,-7.98163744355078,-5.29647157436897,-13.2781090179198,-1.72189098208025
Apr 1975,-10.9,-7.98139945559124,-3.26839923756112,-11.2497986931524,0.349798693152364
May 1975,-6.8,-7.9811614676317,1.17687246962183,-6.80428899800987,0.0042889980098737
Jun 1975,-4.9,-7.98092347967216,4.49657969448811,-3.48434378518405,-1.41565621481595
Jul 1975,-1.1,-7.98068549171262,7.00728788165732,-0.973397610055305,-0.126602389944695
Aug 1975,-1.1,-7.98044750375308,6.87421569806863,-1.10623180568445,0.00623180568445347
Sep 1975,-1.8,-7.98020951579354,5.34264133357579,-2.63756818221776,0.837568182217755
Oct 1975,-6.5,-7.979971527834,2.58783628672207,-5.39213524111194,-1.10786475888806
Nov 1975,-10.5,-7.97973353987446,-2.0721799177545,-10.051913457629,-0.448086542371037
Dec 1975,-9.6,-7.97949555191492,-4.51771304905032,-12.4972086009652,2.89720860096524
Jan 1976,-14.9,-7.97925756395538,-5.97366353315296,-13.9529210971083,-0.947078902891663
Feb 1976,-12.1,-7.97901957599584,-6.3117903659523,-14.2908099419481,2.19080994194814
Mar 1976,-13.9,-7.9787815880363,-5.32021184788366,-13.29899343592,-0.60100656408004
Apr 1976,-10.9,-7.97854360007676,-3.29029939841267,-11.2688429984894,0.368842998489429
May 1976,-5.9,-7.97830561211722,1.16948639077501,-6.80881922134221,0.908819221342206
Jun 1976,-2.3,-7.97806762415768,4.44212146033959,-3.53594616381809,1.23594616381809
Jul 1976,-1.1,-7.97782963619814,7.03498053571935,-0.942849100478787,-0.157150899521213
Aug 1976,-3.2,-7.9775916482386,6.89774292311308,-1.07984872512552,-2.12015127487448
Sep 1976,-5,-7.97735366027906,5.34104382354063,-2.63630983673842,-2.36369016326158
Oct 1976,-5.4,-7.97711567231952,2.57322036889311,-5.40389530342641,0.00389530342641109
Nov 1976,-11.5,-7.97687768435998,-2.05842174023612,-10.0352994245961,-1.4647005754039
Dec 1976,-14.7,-7.97663969640044,-4.44790811525284,-12.4245478116533,-2.27545218834672
Jan 1977,-15.1,-7.9764017084409,-5.98471035730004,-13.9611120657409,-1.13888793425907
Feb 1977,-13.9,-7.97616372048136,-6.31324127616335,-14.2894049966447,0.389404996644709
Mar 1977,-10,-7.97592573252181,-5.34494168173903,-13.3208674142608,3.32086741426084
Apr 1977,-11.7,-7.97568774456228,-3.31366985874713,-11.2893576033094,-0.410642396690598
May 1977,-7.5,-7.97544975660274,1.16014927330306,-6.81530048329968,-0.684699516700321
Jun 1977,-4,-7.97521176864319,4.38513932260566,-3.59007244603754,-0.409927553962462
Jul 1977,-1,-7.97497378068365,7.0595764212357,-0.915397359447952,-0.0846026405520481
Aug 1977,-2.5,-7.97473579272411,6.91766394630031,-1.0570718464238,-1.4429281535762
Sep 1977,-4,-7.97449780476457,5.33533067833673,-2.63916712642785,-1.36083287357215
Oct 1977,-3.5,-7.97425981680503,2.55420599953665,-5.42005381726839,1.92005381726839
Nov 1977,-12.6,-7.97402182884549,-2.04934483060399,-10.0233666594495,-2.57663334055051
Dec 1977,-10.4,-7.97378384088595,-4.38268105356223,-12.3564648944482,1.95646489444819
Jan 1978,-14.9,-7.97354585292641,-5.96889882034252,-13.9424446732689,-0.957555326731072
Feb 1978,-15,-7.97330786496687,-6.29637707881513,-14.269684943782,-0.730315056218
Mar 1978,-12.8,-7.97306987700733,-5.33713402698257,-13.3102039039899,0.5102039039899
Apr 1978,-12.4,-7.97283188904779,-3.33989515730571,-11.3127270463535,-1.08727295364649
May 1978,-7.9,-7.97259390108825,1.15026237060914,-6.82233153047911,-1.07766846952089
Jun 1978,-4.8,-7.97235591312871,4.33978752688211,-3.6325683862466,-1.1674316137534
Jul 1978,-2.3,-7.97211792516917,7.07401534967981,-0.898102575489358,-1.40189742451064
Aug 1978,-2.1,-7.97187993720963,6.94993915741554,-1.02194077979409,-1.07805922020591
Sep 1978,-3.8,-7.97164194925009,5.30446414160958,-2.66717780764051,-1.13282219235949
Oct 1978,-4.4,-7.97140396129055,2.49838309136698,-5.47302086992357,1.07302086992357
Nov 1978,-8,-7.97116597333101,-2.05927044760262,-10.0304364209336,2.03043642093363
Dec 1978,-11.5,-7.97092798537147,-4.32125328555923,-12.2921812709307,0.7921812709307
Jan 1979,-16.6,-7.97068999741193,-5.9485172848603,-13.9192072822722,-2.68079271772778
Feb 1979,-13.2,-7.97045200945239,-6.27514024388182,-14.2455922533342,1.04559225333421
Mar 1979,-13.2,-7.97021402149285,-5.32515109558064,-13.2953651170735,0.0953651170734879
Apr 1979,-13.2,-7.96997603353331,-3.36240104504014,-11.3323770785734,-1.86762292142655
May 1979,-7.3,-7.96973804557377,1.14363901291808,-6.82609903265569,-0.473900967344314
Jun 1979,-2,-7.96950005761423,4.29714038328155,-3.67235967433268,1.67235967433268
Jul 1979,-2.2,-7.96926206965469,7.09060003736702,-0.878662032287664,-1.32133796771234
Aug 1979,-2.4,-7.96902408169515,6.98385792669329,-0.985166155001856,-1.41483384499814
Sep 1979,-1.5,-7.96878609373561,5.27473896196439,-2.69404713177121,1.19404713177121
Oct 1979,-4.6,-7.96854810577607,2.44335696671328,-5.52519113906279,0.92519113906279
Nov 1979,-9.8,-7.96831011781653,-2.06874385465128,-10.0370539724678,0.237053972467802
Dec 1979,-12.8,-7.96807212985699,-4.25954455102478,-12.2276166808818,-0.572383319118231
Jan 1980,-16.2,-7.96783414189745,-5.92802602626518,-13.8958601681626,-2.30413983183738
Feb 1980,-12.6,-7.9675961539379,-6.25384289345408,-14.221439047392,1.62143904739198
Mar 1980,-13,-7.96361421750737,-5.31315685630274,-13.2767710738101,0.276771073810115
Apr 1980,-14.2,-7.95963228107685,-3.38490117717772,-11.3445334582546,-2.85546654174543
May 1980,-8.2,-7.95565034464633,1.13701585854474,-6.81863448610159,-1.38136551389841
Jun 1980,-5.4,-7.9516684082158,4.25449334133985,-3.69717506687595,-1.70282493312405
Jul 1980,-3,-7.94768647178527,7.10718472505424,-0.840501746731039,-2.15949825326896
Aug 1980,0,-7.94370453535475,7.01777626217168,-0.925928273183071,0.925928273183071
Sep 1980,-1.5,-7.93972259892422,5.24501291472048,-2.69470968420374,1.19470968420374
Oct 1980,-7.1,-7.9357406624937,2.38832251734059,-5.54741814515311,-1.55258185484689
Nov 1980,-10.5,-7.93175872606318,-2.07823304353919,-10.0099917696024,-0.490008230397637
Dec 1980,-14.7,-7.92777678963264,-4.19789374237336,-12.125670532006,-2.57432946799399
Jan 1981,-15.6,-7.92379485320212,-5.90763483759684,-13.831429690799,-1.76857030920103
Feb 1981,-14.6,-7.9198129167716,-6.2327792344921,-14.1525921512637,-0.447407848736297
Mar 1981,-10.5,-7.91583098034107,-5.30152993002959,-13.2173609103707,2.71736091037066
Apr 1981,-9.3,-7.91184904391055,-3.40804662547231,-11.3198956693829,2.01989566938286
May 1981,-6.8,-7.90786710748002,1.12946938486212,-6.7783977226179,-0.0216022773820992
Jun 1981,-3.1,-7.90388517104949,4.21050734294195,-3.69337782810754,0.593377828107541
Jul 1981,-2.1,-7.89990323461897,7.12201481913834,-0.77788841548063,-1.32211158451937
Aug 1981,-0.4,-7.89592129818845,7.04946121646484,-0.846460081723605,0.446460081723605
Sep 1981,-2.9,-7.89193936175791,5.21257469870921,-2.6793646630487,-0.220635336951299
Oct 1981,-7.5,-7.88795742532739,2.33017474906464,-5.55778267626275,-1.94221732373725
Nov 1981,-11.2,-7.88397548889687,-2.09123670146625,-9.97521219036313,-1.22478780963687
Dec 1981,-15.7,-7.87999355246634,-4.13994683997703,-12.0199403924434,-3.68005960755663
Jan 1982,-12.8,-7.87601161603582,-5.88774538434284,-13.7637570003787,0.963757000378653
Feb 1982,-13.1,-7.87202967960529,-6.20665135182164,-14.0786810314269,0.978681031426936
Mar 1982,-14.7,-7.86804774317476,-5.27997032926827,-13.148018072443,-1.55198192755697
Apr 1982,-10.8,-7.86406580674424,-3.41757298480277,-11.281638791547,0.481638791547011
May 1982,-6.1,-7.86008387031372,1.13883324898043,-6.72125062133329,0.621250621333293
Jun 1982,-2.4,-7.85610193388319,4.19705662444086,-3.65904530944233,1.25904530944233
Jul 1982,0.8,-7.85211999745266,7.13196648228993,-0.720153515162729,1.52015351516273
Aug 1982,-0.7,-7.84813806102214,7.06931075538735,-0.778827305634793,0.0788273056347928
Sep 1982,-0.3,-7.84415612459161,5.16391646570396,-2.68023965888764,2.38023965888764
Oct 1982,-6.4,-7.84017418816109,2.2955801947952,-5.54459399336588,-0.855406006634116
Nov 1982,-8.5,-7.83619225173057,-2.1165046421679,-9.95269689389847,1.45269689389847
Dec 1982,-12.6,-7.83221031530003,-4.14406828679479,-11.9762786020948,-0.62372139790518
Jan 1983,-10.9,-7.82822837886951,-5.86446473671378,-13.6926931155833,2.7926931155833
Feb 1983,-16.5,-7.82424644243899,-6.17701796186757,-14.0012644043066,-2.49873559569344
Mar 1983,-11.3,-7.82026450600846,-5.25479090831477,-13.0750554143232,1.77505541432322
Apr 1983,-10.7,-7.81628256957793,-3.42368227260263,-11.2399648421806,0.539964842180561
May 1983,-8.2,-7.81230063314741,1.15141143596776,-6.66088919717965,-1.53911080282035
Jun 1983,-2.4,-7.80831869671688,4.18643395236777,-3.62188474434911,1.22188474434911
Jul 1983,2.7,-7.80433676028636,7.1443599154285,-0.659976844857861,3.35997684485786
Aug 1983,-0.6,-7.80035482385584,7.09115015015805,-0.709204673697786,0.109204673697786
Sep 1983,-1.6,-7.7963728874253,5.11679617440814,-2.67957671301717,1.07957671301717
Oct 1983,-4.9,-7.79239095099478,2.26213525890082,-5.53025569209396,0.630255692093959
Nov 1983,-7.7,-7.78840901456426,-2.14101128782885,-9.92942030239312,2.22942030239312
Dec 1983,-11.2,-7.78442707813373,-4.14767442283324,-11.932101500967,0.732101500966973
Jan 1984,-15.4,-7.7804451417032,-5.84091476256683,-13.62135990427,-1.77864009572997
Feb 1984,-16.6,-7.77646320527268,-6.14722534209834,-13.923688547371,-2.67631145262898
Mar 1984,-15,-7.77248126884215,-5.22956235424884,-13.002043623091,-1.99795637690901
Apr 1984,-11.2,-7.76849933241163,-3.42976618401436,-11.198265516426,-0.00173448357401007
May 1984,-8.9,-7.76451739598111,1.16399124261891,-6.6005261533622,-2.2994738466378
Jun 1984,-4.6,-7.76053545955058,4.17581209012658,-3.58472336942399,-1.01527663057601
Jul 1984,-1.4,-7.75655352312005,7.15675334856706,-0.599800174552993,-0.800199825447007
Aug 1984,-1.5,-7.75257158668953,7.11298908822961,-0.639582498459918,-0.860417501540082
Sep 1984,-5,-7.748589650259,5.06967496971403,-2.67891468054497,-2.32108531945503
Oct 1984,-4.5,-7.74460771382848,2.22869339458539,-5.51591431924309,1.01591431924309
Nov 1984,-7.9,-7.74062577739795,-2.16551087693365,-9.9061366543316,2.0061366543316
Dec 1984,-11.5,-7.73664384096742,-4.15124648010257,-11.88789032107,0.387890321069992
Jan 1985,-18.9,-7.7326619045369,-5.81730368743777,-13.5499655919747,-5.35003440802533
Feb 1985,-12.7,-7.72867996810638,-6.11734095335979,-13.8460209214662,1.14602092146616
Mar 1985,-15.7,-7.72469803167585,-5.20421136322638,-12.9289093949022,-2.77109060509777
Apr 1985,-10.7,-7.72071609524532,-3.43575030140782,-11.1564663966531,0.456466396653143
May 1985,-6.7,-7.7167341588148,1.17664820035009,-6.54008595846471,-0.15991404153529
Jun 1985,-5.1,-7.71275222238427,4.16515121737154,-3.54760100501273,-1.55239899498727
Jul 1985,0.6,-7.70877028595375,7.16899160959787,-0.539778676355881,1.13977867635588
Aug 1985,-0.5,-7.70478834952323,7.1344581558523,-0.570330193670928,0.0703301936709284
Sep 1985,-0.2,-7.70080641309269,5.02196919622993,-2.67883721686277,2.47883721686277
Oct 1985,-3.3,-7.69682447666217,2.1944225367782,-5.50240193988397,2.20240193988398
Nov 1985,-12.8,-7.69284254023165,-2.19108388423194,-9.88392642446359,-2.91607357553641
Dec 1985,-9.4,-7.68886060380112,-4.15612986966355,-11.8449904734647,2.44499047346466
Jan 1986,-17,-7.6848786673706,-5.78657466929567,-13.4714533366663,-3.52854666333374
Feb 1986,-17.6,-7.68089673094007,-6.11892981936799,-13.7998265503081,-3.80017344969194
Mar 1986,-12.9,-7.67691479450954,-5.19302802805576,-12.8699428225653,-0.0300571774347009
Apr 1986,-11.6,-7.67293285807902,-3.42878109192629,-11.1017139500053,-0.498286049994697
May 1986,-4.3,-7.6689509216485,1.22463733933888,-6.44431358230962,2.14431358230962
Jun 1986,-2.7,-7.66496898521796,4.1826588741853,-3.48231011103267,0.782310111032666
Jul 1986,-1,-7.66098704878744,7.16782223685144,-0.493164811936003,-0.506835188063997
Aug 1986,-0.7,-7.65700511235692,7.15948879682348,-0.49751631553344,-0.20248368446656
Sep 1986,-1.2,-7.65302317592639,4.96482929881278,-2.68819387711361,1.48819387711361
Oct 1986,-4,-7.64904123949587,2.18725987081449,-5.46178136868138,1.46178136868138
Nov 1986,-7.7,-7.64505930306534,-2.23219239908726,-9.8772517021526,2.17725170215261
Dec 1986,-13.3,-7.64107736663481,-4.19820736799992,-11.8392847346347,-1.46071526536527
Jan 1987,-15.1,-7.63709543020429,-5.75513959181966,-13.3922350220239,-1.70776497797605
Feb 1987,-12.8,-7.63311349377377,-6.11960154687515,-13.7527150406489,0.952715040648918
Mar 1987,-17.1,-7.62913155734323,-5.18071647521698,-12.8098480325602,-4.29015196743978
Apr 1987,-8.7,-7.62514962091271,-3.42062584139974,-11.0457754623124,2.34577546231245
May 1987,-8.8,-7.62116768448219,1.27387034274954,-6.34729734173265,-2.45270265826735
Jun 1987,-4.3,-7.61718574805166,4.20134719718582,-3.41583855086584,-0.884161449134162
Jul 1987,-0.1,-7.61320381162114,7.16777033205665,-0.445433479564491,0.345433479564491
Aug 1987,-0.6,-7.60922187519061,7.18547332125356,-0.423748553937051,-0.176251446062949
Sep 1987,-0.4,-7.60523993876008,4.9084797003618,-2.69676023839828,2.29676023839828
Oct 1987,-4.4,-7.60125800232956,2.18070307631631,-5.42055492601325,1.02055492601325
Nov 1987,-10.2,-7.59727606589904,-2.27287946997771,-9.87015553587675,-0.329844464123251
Dec 1987,-8.9,-7.5932941294685,-4.23999526479697,-11.8332893942655,2.93328939426547
Jan 1988,-12.8,-7.58931219303798,-5.72354675522985,-13.3128589482678,0.512858948267834
Feb 1988,-15.2,-7.58533025660746,-6.12017970723515,-13.7055099638426,-1.49449003615739
Mar 1988,-15.9,-7.58134832017693,-5.16837554719766,-12.7497238673746,-3.15027613262541
Apr 1988,-9.4,-7.57736638374641,-3.41245543522686,-10.9898218189733,1.58982181897326
May 1988,-4.6,-7.57338444731589,1.32310428227231,-6.25028016504357,1.65028016504357
Jun 1988,-3.8,-7.56940251088535,4.22003598824239,-3.34936652264296,-0.45063347735704
Jul 1988,0.2,-7.56542057445483,7.16771842726185,-0.397702147192977,0.597702147192977
Aug 1988,0.7,-7.56143863802431,7.21145634955524,-0.349982288469067,1.04998228846907
Sep 1988,-2.4,-7.55745670159378,4.85212710965401,-2.70532959193977,0.305329591939769
Oct 1988,-4.1,-7.55347476516326,2.17413551210146,-5.3793392530618,1.2793392530618
Nov 1988,-9.1,-7.54949282873273,-2.31358508804467,-9.8630779167774,0.7630779167774
Dec 1988,-11.9,-7.5455108923022,-4.28181530424868,-11.8273261965509,-0.0726738034491241
Jan 1989,-8.9,-7.54152895587168,-5.69199965677286,-13.2335286126445,4.33352861264454
Feb 1989,-12,-7.53754701944116,-6.12083934217791,-13.6583863616191,1.65838636161907
Mar 1989,-9.6,-7.53356508301062,-5.15615183021105,-12.6897169132217,3.08971691322167
Apr 1989,-11.4,-7.5295831465801,-3.40448866930838,-10.9340718158885,-0.465928184111515
May 1989,-4.3,-7.52560121014958,1.372048152319,-6.15355305783058,1.85355305783058
Jun 1989,-4.2,-7.52161927371905,4.23830766429867,-3.28331160942038,-0.916688390579623
Jul 1989,-0.4,-7.51763733728853,7.16712236194256,-0.350514975345967,-0.0494850246540329
Aug 1989,-0.8,-7.513655400858,7.23676929800077,-0.276886102857231,-0.523113897142769
Sep 1989,-2.9,-7.50967346442747,4.79497851975843,-2.71469494466904,-0.185305055330955
Oct 1989,-4.6,-7.50569152799695,2.16670502694144,-5.3389865010555,0.738986501055504
Nov 1989,-8.8,-7.50170959156643,-2.35522054881417,-9.8569301403806,1.0569301403806
Dec 1989,-8.2,-7.49772765513589,-4.32455482659821,-11.8222824817341,3.6222824817341
Jan 1990,-11,-7.49374571870537,-5.64266591151113,-13.1364116302165,2.13641163021651
Feb 1990,-9.9,-7.48976378227485,-6.14547816635734,-13.6352419486322,3.73524194863219
Mar 1990,-10.5,-7.48578184584432,-5.1463506372501,-12.6321324830944,2.13213248309442
Apr 1990,-11.8,-7.4817999094138,-3.38636676623548,-10.8681666756493,-0.931833324350723
May 1990,-4.7,-7.47781797298328,1.43205406215094,-6.04576391083233,1.34576391083233
Jun 1990,-2.9,-7.47383603655274,4.29108391637259,-3.18275212018015,0.282752120180148
Jul 1990,0.1,-7.46985410012222,7.15304614225398,-0.316807957868244,0.416807957868244
Aug 1990,0.4,-7.4658721636917,7.25167906260989,-0.214193101081811,0.614193101081811
Sep 1990,-3.9,-7.46189022726117,4.72893747412594,-2.73295275313523,-1.16704724686477
Oct 1990,-4.2,-7.45790829083064,2.14784383131071,-5.31006445951993,1.11006445951993
Nov 1990,-11.7,-7.45392635440012,-2.41153161366799,-9.86545796806811,-1.83454203193189
Dec 1990,-13.8,-7.44994441796959,-4.3577289372072,-11.8076733551768,-1.99232664482321
Jan 1991,-10.9,-7.44596248153907,-5.59206846161476,-13.0380309431538,2.13803094315383
Feb 1991,-15.4,-7.44198054510855,-6.16890436944067,-13.6108849145492,-1.78911508545078
Mar 1991,-9,-7.43799860867801,-5.13538790673159,-12.5733865154096,3.5733865154096
Apr 1991,-12.1,-7.43401667224749,-3.36719867065526,-10.8012153429028,-1.29878465709725
May 1991,-9.2,-7.43003473581697,1.49299081943996,-5.93704391637701,-3.26295608362299
Jun 1991,-3.5,-7.42605279938644,4.34463732506036,-3.08141547432607,-0.418584525673926
Jul 1991,1.4,-7.42207086295591,7.13959338833601,-0.2824774746199,1.6824774746199
Aug 1991,1.7,-7.41808892652539,7.26705694415977,-0.151031982365622,1.85103198236562
Sep 1991,-0.9,-7.41410699009486,4.66320919660437,-2.75089779349049,1.8508977934905
Oct 1991,-6.4,-7.41012505366434,2.12918648987243,-5.28093856379191,-1.11906143620809
Nov 1991,-10,-7.40614311723382,-2.46774773824782,-9.87389085548164,-0.12610914451836
Dec 1991,-11.1,-7.40216118080328,-4.39085137593519,-11.7930125567385,0.693012556738475
Jan 1992,-10,-7.39817924437276,-5.54146260823037,-12.9396418526031,2.93964185260313
Feb 1992,-12.3,-7.39419730794224,-6.19232771411239,-13.5865250220546,1.28652502205463
Mar 1992,-12.6,-7.39021537151171,-5.12442786287787,-12.5146432343896,-0.0853567656104257
Apr 1992,-9.9,-7.38623343508119,-3.34803202244625,-10.7342654575274,0.834265457527435
May 1992,-4.3,-7.38225149865066,1.55392736865135,-5.82832412999931,1.52832412999931
Jun 1992,-3.5,-7.37826956222013,4.39819062970932,-2.98007893251081,-0.519921067489189
Jul 1992,0.7,-7.37428762578961,7.12614063441805,-0.248146991371557,0.948146991371557
Aug 1992,2.2,-7.37030568935909,7.28243646632719,-0.0878692230318991,2.2878692230319
Sep 1992,-2.5,-7.36632375292855,4.59748420031786,-2.76883955261069,0.268839552610692
Oct 1992,-8.1,-7.36234181649803,2.11054289439813,-5.2517989220999,-2.8482010779001
Nov 1992,-7.2,-7.35835988006751,-2.52393965213475,-9.88229953220226,2.68229953220226
Dec 1992,-9.3,-7.35437794363698,-4.42393501508279,-11.7783129587198,2.47831295871977
Jan 1993,-9.6,-7.35039600720646,-5.49080336637811,-12.8411993735846,3.24119937358456
Feb 1993,-12.9,-7.34641407077593,-6.21570228868596,-13.5621163594619,0.662116359461894
Mar 1993,-12.7,-7.3424321343454,-5.11342366729573,-12.4558558016411,-0.244144198358871
Apr 1993,-9.9,-7.33845019791488,-3.3288633092337,-10.6673135071486,0.767313507148577
May 1993,-4.9,-7.33446826148436,1.6148238961414,-5.71964436534295,0.819644365342954
Jun 1993,-1.7,-7.33048632505383,4.45161986519865,-2.87886645985518,1.17886645985518
Jul 1993,-1.4,-7.3265043886233,7.11247976390217,-0.214024624721138,-1.18597537527886
Aug 1993,0.3,-7.32252245219278,7.29748496606211,-0.0250374861306728,0.325037486130673
Sep 1993,-4.3,-7.31854051576225,4.53130527576429,-2.78723523999796,-1.51276476000204
Oct 1993,-6.8,-7.31455857933173,2.09129811829611,-5.22326046103562,-1.57673953896438
Nov 1993,-10.5,-7.3105766429012,-2.58087999901007,-9.89145664191127,-0.608543358088728
Dec 1993,-11.9,-7.30659470647067,-4.45790974330486,-11.7645044497755,-0.135495550224466
Jan 1994,-13.3,-7.30261277004015,-5.46014619674132,-12.7627589667815,-0.537241033218526
Feb 1994,-14,-7.29863083360963,-6.22653908164652,-13.5251699152561,-0.47483008474385
Mar 1994,-9.1,-7.2946488971791,-5.09659950855096,-12.3912484057301,3.29124840573006
Apr 1994,-11.5,-7.29066696074857,-3.29381732725408,-10.5844842880027,-0.915515711997344
May 1994,-4.8,-7.28668502431805,1.66223998210272,-5.62444504221533,0.82444504221533
Jun 1994,-2.2,-7.28270308788752,4.52809443962426,-2.75460864826326,0.554608648263264
Jul 1994,2,-7.278721151457,7.08937745408122,-0.189343697375783,2.18934369737578
Aug 1994,1.2,-7.27473921502648,7.28892144612338,0.0141822310969024,1.1858177689031
Sep 1994,-3,-7.27075727859594,4.48014607450779,-2.79061120408816,-0.209388795911844
Oct 1994,-5.2,-7.26677534216542,2.08288860887188,-5.18388673329354,-0.0161132667064612
Nov 1994,-6.6,-7.2627934057349,-2.62131885527651,-9.88411226101141,3.28411226101141
Dec 1994,-10.2,-7.25881146930437,-4.52620538502792,-11.7850168543323,1.58501685433229
Jan 1995,-15.2,-7.25482953287385,-5.42930408143509,-12.6841336143089,-2.51586638569106
Feb 1995,-11,-7.25084759644332,-6.23706617730537,-13.4879137737487,2.48791377374869
Mar 1995,-14.6,-7.24686566001279,-5.07934090087222,-12.326206560885,-2.27379343911499
Apr 1995,-9.6,-7.24288372358227,-3.25829993222797,-10.5011836558102,0.901183655810243
May 1995,-5.8,-7.23890178715175,1.71016444522305,-5.52873734192869,-0.271262658071307
Jun 1995,-3.5,-7.23491985072121,4.60505281273233,-2.62986703798888,-0.870132962011117
Jul 1995,2.5,-7.23093791429069,7.06673436446618,-0.164203549824513,2.66420354982451
Aug 1995,-1,-7.22695597786017,7.28075613526018,0.0538001574000129,-1.05380015740001
Sep 1995,-5.5,-7.22297404142964,4.42932407119644,-2.7936499702332,-2.7063500297668
Oct 1995,-1.7,-7.21899210499912,2.07474858795911,-5.14424351704,3.44424351704
Nov 1995,-10.1,-7.21501016856859,-2.6615559324652,-9.8765661010338,-0.223433898966203
Dec 1995,-12.3,-7.21102823213806,-4.59435411251521,-11.8053823446533,-0.494617655346728
Jan 1996,-10.9,-7.20704629570754,-5.39836991673509,-12.6054162124426,1.70541621244263
Feb 1996,-16.4,-7.20306435927702,-6.24753660183688,-13.4506009611139,-2.9493990388861
Mar 1996,-14.3,-7.19908242284649,-5.06206100033258,-12.2611434231791,-2.03885657682093
Apr 1996,-9.5,-7.19510048641596,-3.2227714630251,-10.4178719494411,0.917871949441066
May 1996,-5.6,-7.19111854998544,1.75808976383601,-5.43302878614943,-0.166971213850568
Jun 1996,-2.3,-7.18713661355491,4.68201161358672,-2.50512499996819,0.205124999968191
Jul 1996,-1.3,-7.18315467712439,7.04409127485114,-0.139063402273243,-1.16093659772676
Aug 1996,-1.7,-7.17917274069387,7.27259633289095,0.0934235921970803,-1.79342359219708
Sep 1996,-6,-7.17519080426333,4.378513084873,-2.79667771939033,-3.20332228060967
Oct 1996,-6,-7.17120886783281,2.06667366445944,-5.10453520337338,-0.895464796626625
Nov 1996,-10.8,-7.16722693140229,-2.70167383181562,-9.8689007632179,-0.931099236782096
Dec 1996,-11.6,-7.16324499497176,-4.66222047854942,-11.8254654735212,0.225465473521174
Jan 1997,-10.8,-7.15926305854123,-5.3669902069672,-12.5262532655084,1.72625326550843
Feb 1997,-10.9,-7.15528112211071,-6.25726804646663,-13.4125491685773,2.51254916857735
Mar 1997,-9.9,-7.15129918568018,-5.04374868505731,-12.1950478707375,2.29504787073749
Apr 1997,-11,-7.14731724924966,-3.18580253842117,-10.3331197876708,-0.66688021232917
May 1997,-5.4,-7.14333531281914,1.80786357851545,-5.33547173430368,-0.0645282656963166
Jun 1997,-2.8,-7.1393533763886,4.76124306934305,-2.37811030704555,-0.421889692954446
Jul 1997,-1.8,-7.13537143995808,7.02414499897351,-0.111226440984569,-1.68877355901543
Aug 1997,0.7,-7.13138950352756,7.2674371566196,0.136047653092044,0.563952346907956
Sep 1997,0.8,-7.12740756709703,4.33100653700795,-2.79640103008907,3.59640103008907
Oct 1997,-5.6,-7.1234256306665,2.06194027954585,-5.06148535112066,-0.538514648879342
Nov 1997,-9.1,-7.11944369423598,-2.73841309245225,-9.85785678668823,0.757856786688231
Dec 1997,-12.7,-7.11546175780545,-4.72705465874007,-11.8425164165455,-0.857483583454478
Jan 1998,-11.8,-7.11147982137493,-5.38714887301137,-12.4986286943863,0.698628694386301
Feb 1998,-7.6,-7.10749788494441,-6.29165932278895,-13.3991572077334,5.79915720773335
Mar 1998,-11.6,-7.10351594851388,-5.01528202960737,-12.1187979781212,0.518797978121244
Apr 1998,-11.2,-7.09953401208335,-3.11796292436729,-10.2174969364506,-0.982503063549357
May 1998,-4.7,-7.09555207565283,1.81970734939484,-5.275844726258,0.575844726257996
Jun 1998,-1.7,-7.0915701392223,4.8401436331187,-2.2514265061036,0.5514265061036
Jul 1998,-0.1,-7.08758820279178,7.00759876492746,-0.079989437864314,-0.020010562135686
Aug 1998,1.2,-7.08360626636125,7.26116741661628,0.177561150255029,1.02243884974497
Sep 1998,-3.7,-7.07962432993072,4.32645827893275,-2.75316605099797,-0.94683394900203
Oct 1998,-6.9,-7.0756423935002,2.06233717644032,-5.01330521705988,-1.88669478294012
Nov 1998,-13.2,-7.07166045706968,-2.72949011971054,-9.80115057678022,-3.39884942321978
Dec 1998,-12.2,-7.06767852063915,-4.81465829519064,-11.8823368158298,-0.317663184170218
Jan 1999,-12.2,-7.06369658420862,-5.41208763227062,-12.4757842164792,0.275784216479245
Feb 1999,-15.6,-7.0597146477781,-6.33044094056212,-13.3901555883402,-2.20984441165977
Mar 1999,-11.9,-7.05573271134757,-4.99081596384408,-12.0465486751917,0.146548675191651
Apr 1999,-10.3,-7.05175077491705,-3.05357241047651,-10.1053231853936,-0.194676814606447
May 1999,-3.7,-7.04776883848653,1.82865350963468,-5.21911532885185,1.51911532885185
Jun 1999,-2.8,-7.04378690205599,4.9167120521703,-2.12707484988569,-0.672925150114305
Jul 1999,0.4,-7.03980496562547,6.98928585207286,-0.0505191135526122,0.450519113552612
Aug 1999,0.4,-7.03582302919495,7.25358668740897,0.217763658214018,0.182236341785982
Sep 1999,-1.2,-7.03184109276442,4.32105472125811,-2.7107863715063,1.5107863715063
Oct 1999,-4.8,-7.02785915633389,2.06216489496957,-4.96569426136432,0.165694261364324
Nov 1999,-11.2,-7.02387721990337,-2.72085020409986,-9.74472742400323,-1.45527257599677
Dec 1999,-13.3,-7.01989528347284,-4.90242421415669,-11.9223194976295,-1.37768050237048
Jan 2000,-12.6,-7.01591334704232,-5.43706789942981,-12.4529812464721,-0.147018753527867
Feb 2000,-12.3,-7.0119314106118,-6.36924179457234,-13.3811732051841,1.08117320518414
Mar 2000,-11.9,-7.00794947418126,-4.96634686265493,-11.9742963368362,0.0742963368361931
Apr 2000,-9.1,-7.00396753775074,-2.98918015546085,-9.99314769321159,0.893147693211588
May 2000,-4,-6.99998560132022,1.8376001166984,-5.16238548462182,1.16238548462182
Jun 2000,-0.6,-6.99600366488969,4.99328069463384,-2.00272297025584,1.40272297025584
Jul 2000,-2.8,-6.99202172845917,6.97097293921826,-0.0210487892409086,-2.77895121075909
Aug 2000,0.7,-6.98803979202864,7.2460128556076,0.257973063578958,0.442026936421042
Sep 2000,-1.7,-6.98405785559811,4.31566495839537,-2.66839289720274,0.968392897202738
Oct 2000,-5.3,-6.98007591916759,2.06207564927048,-4.91800026989711,-0.381999730102886
Nov 2000,-10.7,-6.97609398273707,-2.71205801175775,-9.68815199449482,-1.01184800550518
Dec 2000,-10.7,-6.97211204630653,-4.98980887451189,-11.9619209208184,1.26192092081843
Jan 2001,-12.6,-6.96813010987601,-5.46143792609874,-12.4295680359748,-0.170431964025248
Feb 2001,-13.6,-6.96414817344549,-6.40697408535855,-13.371122258804,-0.22887774119596
Mar 2001,-10.4,-6.96016623701496,-4.94035087550803,-11.900517112523,1.50051711252299
Apr 2001,-11.3,-6.95618430058444,-2.92256456404185,-9.87874886462629,-1.42125113537371
May 2001,-2.9,-6.95220236415391,1.84946651061105,-5.10273585354286,2.20273585354286
Jun 2001,-3.3,-6.94822042772338,5.07359804263679,-1.87462238508659,-1.42537761491341
Jul 2001,-0.1,-6.94423849129286,6.95723765059353,0.0129991593006737,-0.112999159300674
Aug 2001,1.4,-6.94025655486234,7.2437979560408,0.303541401178465,1.09645859882154
Sep 2001,-6.5,-6.9362746184318,4.31641543577189,-2.61985918265992,-3.88014081734008
Oct 2001,-2.1,-6.93229268200128,2.06860666456387,-4.86368601743741,2.76368601743741
Nov 2001,-9.8,-6.92831074557076,-2.69616553766992,-9.62447628324069,-0.175523716759313
Dec 2001,-14,-6.92432880914023,-5.0701651647828,-11.994493973923,-2.00550602607697
Jan 2002,-10.4,-6.92034687270971,-5.54768407383993,-12.4680309465496,2.06803094654963
Feb 2002,-11.6,-6.91636493627918,-6.46465207715621,-13.3810170134354,1.78101701343539
Mar 2002,-10.8,-6.91238299984865,-4.92827340372748,-11.8406564035761,1.04065640357613
Apr 2002,-10.3,-6.90840106341813,-2.83835522196349,-9.74675628538163,-0.553243714618375
May 2002,-5.5,-6.90441912698761,1.82908665051583,-5.07533247647178,-0.424667523528223
Jun 2002,-0.1,-6.90043719055708,5.13873067284235,-1.76170651771473,1.66170651771473
Jul 2002,-0.1,-6.89645525412655,6.96003789300495,0.0635826388783922,-0.163582638878392
Aug 2002,-0.6,-6.89247331769603,7.2405903405506,0.348117022854565,-0.948117022854565
Sep 2002,-3.7,-6.8884913812655,4.34339037995031,-2.54510100131519,-1.15489899868481
Oct 2002,-5.5,-6.88450944483498,2.0872689757984,-4.79724046903658,-0.702759530963421
Nov 2002,-9.7,-6.88052750840446,-2.66906588676675,-9.5495933951712,-0.150406604828795
Dec 2002,-10.7,-6.87654557197392,-5.09481928777634,-11.9713648597503,1.27136485975026
Jan 2003,-14.1,-6.8725636355434,-5.64027293794948,-12.5128365734929,-1.58716342650712
Feb 2003,-16,-6.86858169911288,-6.52853376955271,-13.3971154686656,-2.60288453133441
Mar 2003,-9.5,-6.86459976268235,-4.92226061677625,-11.7868603794586,2.2868603794586
Apr 2003,-9.6,-6.86061782625183,-2.75963846051847,-9.6202562867703,0.0202562867702962
May 2003,-4.1,-6.8566358898213,1.80378631398326,-5.05284957583805,0.952849575838046
Jun 2003,2.2,-6.85265395339077,5.19969233099289,-1.65296162239788,3.85296162239788
Jul 2003,1,-6.84867201696025,6.95941666774366,0.110744650783408,0.889255349216592
Aug 2003,3,-6.84469008052973,7.23467848075729,0.389988400227567,2.61001159977243
Sep 2003,-1.7,-6.8407081440992,4.36837830319524,-2.47232984090395,0.77232984090395
Oct 2003,-7.3,-6.83672620766867,2.10448488932522,-4.73224131834345,-2.56775868165655
Nov 2003,-7.1,-6.83274427123815,-2.6428720103455,-9.47561628158365,2.37561628158365
Dec 2003,-11.2,-6.82876233480762,-5.12007101260137,-11.948833347409,0.74883334740899
Jan 2004,-14.5,-6.8247803983771,-5.73315123124007,-12.5579316296172,-1.94206837038283
Feb 2004,-13,-6.82079846194658,-6.59258417737164,-13.4133826393182,0.413382639318215
Mar 2004,-12.6,-6.81681652551604,-4.91629583148882,-11.7331123570049,-0.866887642995136
Apr 2004,-9.9,-6.81283458908552,-2.68094646733594,-9.49378105642146,-0.406218943578542
May 2004,-6.9,-6.808852652655,1.7784844425895,-5.03036821006549,-1.86963178993451
Jun 2004,-2.6,-6.80487071622447,5.26065322171283,-1.54421749451163,-1.05578250548837
Jul 2004,-0.7,-6.80088877979394,6.95879544248236,0.157906662688421,-0.857906662688421
Aug 2004,0.1,-6.79690684336342,7.22876453608773,0.431857692724307,-0.331857692724307
Sep 2004,-1.3,-6.79292490693289,4.39336205668765,-2.39956285024524,1.09956285024524
Oct 2004,-4.5,-6.78894297050237,2.12166272002183,-4.66728025048053,0.167280250480534
Nov 2004,-10.3,-6.78496103407185,-2.61675012983214,-9.40171116390399,-0.898288836096015
Dec 2004,-11,-6.78097909764131,-5.14550799827585,-11.9264870959172,0.926487095917164
Jan 2005,-13.8,-6.77699716121079,-5.82632805032169,-12.6033252115325,-1.19667478846752
Feb 2005,-18.4,-6.77301522478027,-6.65708606866356,-13.4301012934438,-4.96989870655617
Mar 2005,-12.2,-6.76903328834974,-4.91093548735636,-11.6799687757061,-0.5200312242939
Apr 2005,-9.3,-6.76505135191921,-2.60296811637744,-9.36801946829665,0.0680194682966526
May 2005,-4.9,-6.76106941548869,1.75235972790265,-5.00870968758604,0.108709687586038
Jun 2005,-1,-6.75708747905816,5.32080069446497,-1.43628678459319,0.43628678459319
Jul 2005,-0.5,-6.75310554262764,6.95737022457856,0.204264681950919,-0.704264681950919
Aug 2005,-1.6,-6.74912360619712,7.22221648641249,0.47309288021537,-2.07309288021537
Sep 2005,-1.7,-6.74514166976658,4.41788159281122,-2.32726007695536,0.627260076955359
Oct 2005,-2.6,-6.74115973333606,2.13868638435062,-4.60247334898544,2.00247334898544
Nov 2005,-11,-6.73717779690554,-2.5904723646856,-9.32765016159114,-1.67234983840886
Dec 2005,-14.6,-6.73319586047501,-5.17031371982728,-11.9035095803023,-2.69649041969771
Jan 2006,-13.5,-6.72921392404449,-5.90611481905351,-12.635328743098,-0.864671256902003
Feb 2006,-14.7,-6.72523198761396,-6.64674595454916,-13.3719779421631,-1.32802205783688
Mar 2006,-13.4,-6.72125005118343,-4.91755680663795,-11.6388068578214,-1.76119314217861
Apr 2006,-9.5,-6.71726811475291,-2.57461762747302,-9.29188574222592,-0.208114257774076
May 2006,-5.6,-6.71328617832239,1.69298733134559,-5.0202988469768,-0.579701153023201
Jun 2006,-1,-6.70930424189185,5.36017715854325,-1.3491270833486,0.349127083348601
Jul 2006,2.8,-6.70532230546133,6.97764762667871,0.272325321217378,2.52767467878262
Aug 2006,-3.4,-6.70134036903081,7.22197610118543,0.520635732154615,-3.92063573215461
Sep 2006,0.1,-6.69735843260028,4.43630738002899,-2.26105105257129,2.36105105257129
Oct 2006,-2.3,-6.69337649616976,2.13581206349688,-4.55756443267288,2.25756443267288
Nov 2006,-7.9,-6.68939455973923,-2.58212819426137,-9.2715227540006,1.3715227540006
Dec 2006,-9.3,-6.6854126233087,-5.14797534586279,-11.8333879691715,2.53338796917149
Jan 2007,-10.6,-6.68143068687818,-5.98438362403673,-12.6658143109149,2.06581431091491
Feb 2007,-10.3,-6.67744875044766,-6.6353167137294,-13.3127654641771,3.01276546417705
Mar 2007,-12.5,-6.67346681401713,-4.92351783625744,-11.5969846502746,-0.903015349725436
Apr 2007,-5.7,-6.6694848775866,-2.54592690758072,-9.21541178516732,3.51541178516732
May 2007,-4.9,-6.66550294115608,1.63363510710216,-5.03186783405392,0.131867834053919
Jun 2007,-1.4,-6.66152100472555,5.39939827188124,-1.26212273284431,-0.137877267155691
Jul 2007,-1,-6.65753906829503,6.99759415498463,0.340055086689603,-1.3400550866896
Aug 2007,-0.2,-6.6535571318645,7.22138673824568,0.567829606381179,-0.767829606381179
Sep 2007,-4.1,-6.64957519543397,4.45436608561563,-2.19520910981834,-1.90479089018166
Oct 2007,-4.5,-6.64559325900345,2.1326290640549,-4.51296419494855,0.0129641949485455
Nov 2007,-10.2,-6.64161132257293,-2.57403429938247,-9.2156456219554,-0.9843543780446
Dec 2007,-12.6,-6.6376293861424,-5.12582221963967,-11.7634516057821,-0.836548394217933
Jan 2008,-10.3,-6.63364744971187,-6.06277264895734,-12.6964200986692,2.39642009866921
Feb 2008,-9.5,-6.62966551328135,-6.62396166406777,-13.2536271773491,3.75362717734913
Mar 2008,-14.1,-6.62568357685082,-4.9295070282558,-11.5551906051066,-2.54480939489338
Apr 2008,-11.1,-6.6217016404203,-2.51725083216609,-9.13895247258639,-1.96104752741361
May 2008,-4.5,-6.61771970398978,1.57428175628227,-5.04343794770751,0.543437947707509
Jun 2008,-0.7,-6.61373776755924,5.43861882193099,-1.17511894562825,0.475118945628251
Jul 2008,-0.2,-6.60975583112872,7.01754068329055,0.407784852161828,-0.607784852161828
Aug 2008,0.6,-6.6057738946982,7.22079181074024,0.615017916042043,-0.0150179160420431
Sep 2008,-3.5,-6.60179195826767,4.47241366207087,-2.1293782961968,-1.3706217038032
Oct 2008,-4.5,-6.59781002183715,2.12937714680805,-4.46843287502909,-0.0315671249709055
Nov 2008,-10.9,-6.59382808540662,-2.56606711098194,-9.15989519638856,-1.74010480361144
Dec 2008,-13.4,-6.58984614897609,-5.10397595767395,-11.69382210665,-1.70617789334996
Jan 2009,-13.9,-6.58586421254557,-6.14164869591439,-12.72751290846,-1.17248709154004
Feb 2009,-16.1,-6.58188227611505,-6.61340540947441,-13.1952876855895,-2.90471231441055
Mar 2009,-12.8,-6.57790033968451,-4.93660678835424,-11.5145071280387,-1.28549287196125
Apr 2009,-8.9,-6.57391840325399,-2.49008058103325,-9.06399898428724,0.163998984287241
May 2009,-3.7,-6.56993646682347,1.51302732499888,-5.05690914182459,1.35690914182459
Jun 2009,-2.5,-6.56595453039294,5.47555158982802,-1.09040294056491,-1.40959705943509
Jul 2009,0.2,-6.56197259396242,7.03481272775452,0.472840133792102,-0.272840133792102
Aug 2009,2.1,-6.55799065753189,7.21722386245811,0.659233204926216,1.44076679507378
Sep 2009,-1.2,-6.55400872110136,4.48718968081468,-2.06681904028669,0.866819040286687
Oct 2009,-6.1,-6.55002678467084,2.12274292734918,-4.42728385732166,-1.67271614267834
Nov 2009,-8.4,-6.54604484824032,-2.56159296929401,-9.10763781753433,0.707637817534325
Dec 2009,-14.7,-6.54206291180979,-5.08542047328279,-11.6274833850926,-3.07251661490742
Jan 2010,-15.7,-6.53808097537926,-6.1702132843615,-12.7082942597408,-2.99170574025923
Feb 2010,-15.2,-6.53409903894874,-6.56797135894511,-13.1020703978939,-2.09792960210615
Mar 2010,-13.5,-6.53011710251821,-4.94691893672686,-11.4770360392451,-2.02296396075494
Apr 2010,-9.4,-6.52613516608769,-2.50241607939891,-9.0285512454866,-0.371448754513404
May 2010,-6.6,-6.52215322965717,1.46837766027727,-5.0537755693799,-1.5462244306201
Jun 2010,-1.3,-6.51817129322663,5.49622397486814,-1.02194731835849,-0.278052681641507
Jul 2010,1.5,-6.51418935679611,7.04080523820735,0.52661588141124,0.97338411858876
Aug 2010,-0.8,-6.51020742036559,7.21835459778081,0.708147177415226,-1.50814717741523
Sep 2010,-3.3,-6.50622548393506,4.49064646221567,-2.01557902171939,-1.28442097828061
Oct 2010,-5.3,-6.50224354750453,2.12336418937272,-4.37887935813181,-0.921120641868188
Nov 2010,-11.5,-6.49826161107401,-2.56309637985486,-9.06135799092888,-2.43864200907112
Dec 2010,-15.2,-6.49427967464348,-5.08067758482979,-11.5749572594733,-3.62504274052672
Jan 2011,-12.9,-6.49029773821296,-6.19620651705091,-12.6865042552639,-0.213495744736131
Feb 2011,-11.9,-6.48631580178244,-6.52013541631737,-13.0064512180998,1.10645121809981
Mar 2011,-10.4,-6.4823338653519,-4.95499865666029,-11.4373325220122,1.03733252201219
Apr 2011,-6.8,-6.47835192892138,-2.51282440846613,-8.99117633738751,2.19117633738751
May 2011,-4.2,-6.47436999249086,1.42534990571333,-5.04902008677753,0.84902008677753
Jun 2011,-1.5,-6.47038805606033,5.51820912141838,-0.952178934641949,-0.547821065358051
Jul 2011,-2,-6.4664061196298,7.04780136152276,0.581395241892951,-2.58139524189295
Aug 2011,1.4,-6.46242418319928,7.22025642603996,0.757832242840674,0.642167757159326
Sep 2011,0.3,-6.45844224676875,4.49464181662697,-1.96380043014178,2.26380043014178
Oct 2011,-3.7,-6.45446031033823,2.12437484869903,-4.3300854616392,0.630085461639196
Nov 2011,-5.3,-6.45047837390771,-2.5643595688205,-9.0148379427282,3.7148379427282
Dec 2011,-12.4,-6.44649643747717,-5.07577537506161,-11.5222718125388,-0.877728187461221
Jan 2012,-13.1,-6.44251450104665,-6.22212132870516,-12.6646358297518,-0.43536417024819
Feb 2012,-15.9,-6.43853256461613,-6.47225363427074,-12.9107861988869,-2.98921380111313
Mar 2012,-8.9,-6.4345506281856,-4.96306511879111,-11.3976157469767,2.4976157469767
Apr 2012,-10.2,-6.43056869175508,-2.52322590518122,-8.9537945969363,-1.2462054030637
May 2012,-5.3,-6.42658675532455,1.38232255805106,-5.04426419727349,-0.255735802726508
Jun 2012,-0.7,-6.42260481889402,5.54019447141945,-0.88241034747457,0.18241034747457
Jul 2012,-0.3,-6.4186228824635,7.05479748483816,0.636174602374662,-0.936174602374662
Aug 2012,1.8,-6.41464094603298,7.22215730194054,0.807516355907565,0.992483644092435
Sep 2012,-1.6,-6.41065900960244,4.49863526632115,-1.91202374328129,0.312023743281293
Oct 2012,-4.6,-6.40667707317192,2.12538214312278,-4.28129493004914,-0.318705069950861
Nov 2012,-7.3,-6.4026951367414,-2.56562758287413,-8.96832271961553,1.66832271961553
Dec 2012,-14.3,-6.39871320031087,-5.07087222122482,-11.4695854215357,-2.83041457846432
Jan 2013,-13.6,-6.39473126388035,-6.2480294271342,-12.6427606910145,-0.957239308985454
Feb 2013,-18.6,-6.39074932744983,-6.42435996730378,-12.8151092947536,-5.7848907052464
Mar 2013,-13.8,-6.38676739101929,-4.97111452430646,-11.3578819153258,-2.44211808467425
Apr 2013,-7.8,-6.38278545458877,-2.53361439636431,-8.91639985095308,1.11639985095308
May 2013,-8,-6.37880351815825,1.33930416483731,-5.03949935332094,-2.96050064667906
Jun 2013,-3.2,-6.37482158172772,5.56217553957894,-0.812646042148776,-2.38735395785122
Jul 2013,1.7,-6.37083964529719,7.06177609002188,0.690936444724684,1.00906355527532
Aug 2013,0.7,-6.36685770886667,7.22401880457183,0.857161095705153,-0.157161095705153
Sep 2013,-1.8,-6.36287577243614,4.50256748760841,-1.86030828482772,0.0603082848277248
Oct 2013,-4.1,-6.35889383600562,2.1263093673833,-4.23258446862231,0.132584468622314
Nov 2013,-10,-6.3549118995751,-2.5669945088473,-8.9219064084224,-1.0780935915776
Dec 2013,-9.6,-6.35092996314456,-5.06609745915208,-11.4170274222966,1.81702742229665
Jan 2014,-12.3,-6.34694802671404,-6.25989458367198,-12.606842610386,0.306842610386022
Feb 2014,-12.9,-6.34296609028352,-6.40901640191213,-12.7519824921956,-0.148017507804353
Mar 2014,-9.4,-6.33898415385299,-4.97362600655431,-11.3126101604073,1.9126101604073
Apr 2014,-8.2,-6.33500221742247,-2.53429311073991,-8.86929532816238,0.669295328162377
May 2014,-6.9,-6.33102028099194,1.31829149141104,-5.0127287895809,-1.8872712104191
Jun 2014,-1.8,-6.32703834456141,5.57065168726001,-0.756386657301398,-1.0436133426986
Jul 2014,-0.6,-6.32305640813089,7.06420655552208,0.741150147391191,-1.34115014739119
Aug 2014,-1.5,-6.31907447170037,7.2256812544661,0.906606782765731,-2.40660678276573
Sep 2014,-1.7,-6.31509253526983,4.50498167737675,-1.81011085789308,0.110110857893082
Oct 2014,-3.5,-6.31111059883931,2.12670916336858,-4.18440143547073,0.684401435470729
Nov 2014,-7.2,-6.30712866240879,-2.56367193544294,-8.87080059785173,1.67080059785173
Dec 2014,-11.9,-6.30314672597826,-5.06396766549488,-11.3671143914731,-0.532885608526867
Jan 2015,-13.4,-6.29916478954774,-6.27183529646798,-12.5710000860157,-0.828999913984289
Feb 2015,-14.1,-6.29518285311721,-6.39372397823816,-12.6889068313554,-1.41109316864462
Mar 2015,-10.6,-6.29120091668668,-4.97616421597933,-11.267365132666,0.667365132666015
Apr 2015,-8.4,-6.28721898025616,-2.53498296225209,-8.82220194250825,0.422201942508249
May 2015,-4.2,-6.28323704382564,1.29728327088879,-4.98595377293685,0.785953772936848
Jun 2015,-1,-6.2792551073951,5.57913789174697,-0.70011721564814,-0.29988278435186
Jul 2015,3.5,-6.27527317096458,7.06665268173003,0.79137951076545,2.70862048923455
Aug 2015,1.9,-6.27129123453406,7.22735438193341,0.956063147399346,0.943936852600654
Sep 2015,-3.8,-6.26730929810353,4.50740156158341,-1.75990773652012,-2.04009226347988
Oct 2015,-5.4,-6.26332736167301,2.12711166838501,-4.136215693288,-1.263784306712
Nov 2015,-7,-6.25934542524249,-2.56034963841461,-8.81969506365709,1.81969506365709
Dec 2015,-6.2,-6.25536348881195,-5.061837313025,-11.317200801837,5.11720080183695
Jan 2016,-12.5,-6.25138155238143,-6.28377461526259,-12.535156167644,0.0351561676440237
Feb 2016,-12.7,-6.24739961595091,-6.37843039362551,-12.6258300095764,-0.0741699904235809
Mar 2016,-12.8,-6.24341767952038,-4.97870149752835,-11.2221191770487,-1.57788082295127
Apr 2016,-9,-6.23943574308985,-2.53567231809029,-8.77510806118014,-0.224891938819855
May 2016,-6.3,-6.23545380665933,1.27627511383849,-4.95917869282084,-1.34082130717916
Jun 2016,-1.9,-6.2314718702288,5.5876241279699,-0.643847742258903,-1.2561522577411
Jul 2016,1,-6.22748993379828,7.06909880793799,0.84160887413971,0.15839112586029
Aug 2016,1.2,-6.22350799736776,7.22902737837967,1.00551938101192,0.194480618988084
Sep 2016,-0.5,-6.21952606093722,4.50982118374798,-1.70970487718925,1.20970487718925
Oct 2016,-5.8,-6.2155441245067,2.12751450854395,-4.08802961596275,-1.71197038403725
Nov 2016,-9.3,-6.21156218807618,-2.55702640905914,-8.76858859713532,-0.531411402864682
Dec 2016,-7.4,-6.20758025164565,-5.0597017838219,-11.2672820354675,3.86728203546754
Jan 2017,-15.1,-6.20359831521512,-6.29570451291788,-12.499302828133,-2.60069717186699
Feb 2017,-11.1,-6.1996163787846,-6.36312150163321,-12.5627378804178,1.46273788041782
Mar 2017,-8.7,-6.19563444235407,-4.98121758545741,-11.1768520278115,2.47685202781148
Apr 2017,-9.6,-6.19165250592355,-2.53633633207657,-8.72798883800012,-0.872011161999877
May 2017,-4.3,-6.18767056949303,1.25529644687206,-4.93237412262096,0.632374122620964
Jun 2017,1.2,-6.1836886330625,5.5961413861728,-0.587547246889692,1.78754724688969
Jul 2017,0.7,-6.17970669663197,7.07157748802202,0.891870791390046,-0.191870791390046
Aug 2017,1.6,-6.17572476020145,7.23073320926706,1.05500844906561,0.544991550934392
Sep 2017,-4.7,-6.17174282377092,4.51227392091871,-1.65946890285221,-3.04053109714779
Oct 2017,-3.8,-6.1677608873404,2.12795196406095,-4.03980892327944,0.239808923279445
Nov 2017,-10.1,-6.16377895090988,-2.55366706399372,-8.7174460149036,-1.3825539850964
Dec 2017,-13.6,-6.15979701447934,-5.0575329591596,-11.2173299736389,-2.38267002636106
Jan 2018,-11.2,-6.15581507804882,-6.30515903042471,-12.4609741084735,1.26097410847354
Feb 2018,-16.9,-6.1518331416183,-6.35600314108422,-12.5078362827025,-4.39216371729749
Mar 2018,-12.5,-6.14785120518777,-4.98198988060089,-11.1298410857887,-1.37015891421134
Apr 2018,-5.9,-6.14386926875724,-2.53513312393777,-8.67900239269501,2.77900239269501
May 2018,-3.5,-6.13988733232672,1.24144508427697,-4.89844224804975,1.39844224804975
Jun 2018,-0.2,-6.13590539589619,5.60013878875495,-0.535766607141238,0.335766607141238
Jul 2018,1.4,-6.13192345946567,7.07458422394215,0.942660764476479,0.457339235523521
Aug 2018,2,-6.12794152303514,7.23230447395984,1.1043629509247,0.895637049075305
Sep 2018,0.4,-6.12395958660461,4.51375839002761,-1.610201196577,2.010201196577
Oct 2018,-3.5,-6.11997765017409,2.12667352077056,-3.99330412940354,0.493304129403536
Nov 2018,-8.3,-6.11599571374357,-2.55064722880269,-8.66664294254626,0.36664294254626
Dec 2018,-10.9,-6.11201377731304,-5.05361608436751,-11.1656298616806,0.26562986168055
Jan 2019,-16,-6.10803184088251,-6.31459803004154,-12.4226298709241,-3.57737012907595
Feb 2019,-8.5,-6.10404990445199,-6.34887110137976,-12.4529210058318,3.95292100583175
Mar 2019,-10.8,-6.10006796802146,-4.98275033532346,-11.0828183033449,0.282818303344923
Apr 2019,-9.9,-6.09608603159094,-2.53391925165064,-8.63000528324157,-1.26999471675843
May 2019,-7.6,-6.09210409516042,1.22760320955763,-4.86450088560278,-2.73549911439722
Jun 2019,1.2,-6.08812215872988,5.60414293583254,-0.48397922289734,1.68397922289734
Jul 2019,1.6,-6.08414022229936,7.07759496097741,0.993454738678047,0.606545261321953
Aug 2019,1.6,-6.08015828586884,7.23387552612605,1.15371724025721,0.44628275974279
Sep 2019,-1,-6.07617634943831,4.51523843296823,-1.56093791647008,0.560937916470081
Oct 2019,-3.4,-6.07219441300779,2.12538911386833,-3.94680529913945,0.546805299139451
Nov 2019,-11.1,-6.06821247657726,-2.54763489466703,-8.61584737124429,-2.48415262875571
Dec 2019,-9.5,-6.06423054014673,-5.04970527423402,-11.1139358143808,1.61393581438075
Jan 2020,-9.1,-6.06024860371621,-6.32404165792018,-12.3842902616364,3.28429026163639
Feb 2020,-9.9,-6.05626666728569,-6.34174194353203,-12.3980086108177,2.49800861081771
Mar 2020,-10.8,-6.05228473085515,-4.98351192549766,-11.0357966563528,0.235796656352811
Apr 2020,-6.1,-6.04830279442463,-2.53270596864518,-8.58100876306982,2.48100876306982
May 2020,-3.9,-6.04432085799411,1.21376129172655,-4.83055956626756,0.930559566267565
Jun 2020,-2.2,-6.04033892156358,5.60814706135426,-0.432191860209315,-1.76780813979069
Jul 2020,1,-6.03635698513306,7.08060569801267,1.04424871287962,-0.0442487128796154
Aug 2020,1.5,-6.03237504870253,7.23544640067617,1.20307135197364,0.296928648026364
Sep 2020,-1.3,-6.028393112272,4.51671812067667,-1.51167499159534,0.211674991595337
Oct 2020,-6.4,-6.02441117584148,2.12410248115912,-3.90030869468236,-2.49969130531764
Nov 2020,-5.2,-6.02042923941096,-2.54462665691318,-8.56505589632414,3.36505589632414
Dec 2020,-12.4,-6.01644730298043,-5.04580452374047,-11.0622518267209,-1.3377481732791
Jan 2021,-15.7,-6.0124653665499,-6.33350130869688,-12.3459666752468,-3.35403332475321
Feb 2021,-9.7,-6.00848343011938,-6.33464002818653,-12.3431234583059,2.64312345830591
Mar 2021,-12.7,-6.00450149368885,-4.98431197777826,-10.9888134714671,-1.71118652853288
Apr 2021,-11.6,-6.00051955725833,-2.5315472578328,-8.53206681509113,-3.06793318490887
May 2021,-8.3,-5.9965376208278,1.19984869161574,-4.79668892921207,-3.50331107078793
Jun 2021,0.3,-5.99255568439727,5.61206270063295,-0.380492983764323,0.680492983764323
Jul 2021,0.5,-5.98857374796675,7.08351014484159,1.09493639687484,-0.594936396874843
Aug 2021,-0.7,-5.98459181153623,7.23689593652915,1.25230412499292,-1.95230412499292
Sep 2021,-0.8,-5.9806098751057,4.51806142119717,-1.46254845390853,0.662548453908527
Oct 2021,-5,-5.97662793867517,2.12267249881257,-3.85395543986261,-1.14604456013739
Nov 2021,-9.8,-5.97264600224465,-2.54176873124607,-8.51441473349072,-1.28558526650928
Dec 2021,-10.8,-5.96866406581412,-5.04204800563435,-11.0107120714485,0.210712071448469
Jan 2022,-11,-5.9646821293836,-6.34140217642528,-12.3060843058089,1.30608430580888
Feb 2022,-11.9,-5.96070019295308,-6.32640326477359,-12.2871034577267,0.387103457726665
Mar 2022,-10.5,-5.95671825652254,-4.98503194070351,-10.9417501972261,0.441750197226057
Apr 2022,-9,-5.95273632009202,-2.53233871653783,-8.48507503662985,-0.514924963370147
May 2022,-2.8,-5.9487543836615,1.18845243661327,-4.76030194704823,1.96030194704823
Jun 2022,0.8,-5.94477244723097,5.61519282677462,-0.329579620456343,1.12957962045634
Jul 2022,2.5,-5.94079051080045,7.08622278657398,1.14543227577354,1.35456772422646
Aug 2022,1.3,-5.93680857436992,7.23817483088996,1.30136625652004,-0.00136625652003697
Sep 2022,-3.6,-5.93282663793939,4.5188894249611,-1.41393721297829,-2.18606278702171
Oct 2022,-2,-5.92884470150887,2.12086633191748,-3.80797836959139,1.80797836959139
Nov 2022,-8.6,-5.92486276507835,-2.54030043353573,-8.46516319861407,-0.134836801385925
Dec 2022,-10.6,-5.92088082864781,-5.03789921265207,-10.9587800412999,0.358780041299887
Jan 2023,-13.3,-5.91689889221729,-6.34917023272897,-12.2660691249463,-1.03393087505374
Feb 2023,-10.6,-5.91291695578677,-6.31804113222452,-12.2309580880113,1.63095808801129
Mar 2023,-10.7,-5.90893501935624,-4.98563397678122,-10.8945689961375,0.194568996137454
Apr 2023,-11,-5.90495308292572,-2.53302665220995,-8.43797973513567,-2.56202026486433
May 2023,-4.7,-5.90097114649519,1.17714530082908,-4.72382584566612,0.023825845666118
Jun 2023,-0.3,-5.89698921006466,5.61839585031537,-0.278593359749295,-0.0214066402507049
Jul 2023,1.4,-5.89300727363414,7.08899210388623,1.19598483025209,0.204015169747905
Aug 2023,1,-5.88902533720362,7.23949658582208,1.35047124861846,-0.35047124861846
Sep 2023,2.1,-5.88504340077309,4.5197464742878,-1.36529692648529,3.46529692648529
Oct 2023,-2.6,-5.88106146434256,2.11908009570053,-3.76198136864204,1.16198136864204
Nov 2023,-11.2,-5.87707952791204,-2.53882132003187,-8.41590084794392,-2.78409915205608
Dec 2023,-10.2,-5.87309759148151,-5.0337438619788,-10.9068414534603,0.706841453460314
Jan 2024,-10.8,-5.86911565505099,-6.35693598944419,-12.2260516444952,1.42605164449517
Feb 2024,-10.1,-5.86513371862047,-6.30967779380022,-12.1748115124207,2.07481151242068
Mar 2024,-10.8,-5.86115178218993,-4.98623590069693,-10.8473876828869,0.0473876828868569
Apr 2024,-9.4,-5.85716984575941,-2.53371448292165,-8.39088432868106,-1.00911567131894
May 2024,-5.3,-5.85318790932889,1.16583826280374,-4.68734964652515,-0.612650353474849
Jun 2024,-1.1,-5.84920597289836,5.62159941600862,-0.227606556889731,-0.872393443110269
Jul 2024,2.3,-5.84522403646783,7.09176240774466,1.24653837127683,1.05346162872317
Aug 2024,3.2,-5.84124210003731,7.24082088694988,1.39957878691257,1.80042121308743
Sep 2024,-3.6,-5.83726016360678,4.52060762945968,-1.3166525341471,-2.2833474658529
Oct 2024,-3.5,-5.83327822717626,2.11730043064551,-3.71597779653074,0.215977796530744
Nov 2024,-6.7,-5.82929629074574,-2.53733317004933,-8.36662946079506,1.66662946079506
Dec 2024,-11,-5.8253143543152,-5.02957766742632,-10.8548920217415,-0.145107978258476
Jan 2025,-11.4,-5.82133241788468,-6.36468909487967,-12.1860215127644,0.786021512764355
Feb 2025,-10.7,-5.81735048145416,-6.30130264576086,-12.118653127215,1.41865312721503
Mar 2025,-10.3,-5.81336854502363,-4.98682685666226,-10.8001954016859,0.500195401685886
Apr 2025,-6.9,-5.8093866085931,-2.53439264069167,-8.34377924928478,1.44377924928478
May 2025,-5.5,-5.80540467216258,1.15453960271137,-4.65086506945121,-0.849134930548789
Jun 2025,2.6,-5.80142273573205,5.6248088630823,-0.176613872649749,2.77661387264975
Jul 2025,-0.4,-5.79744079930153,7.09453609643096,1.29709529712943,-1.69709529712943
