"date","observed","trend","seasonal","remainder"
1933,-16.9,-8.0365876555108,-6.5888727794626,-2.2745395650266
1933.08333333333,-15.2,-8.04032403136544,-6.41325583188429,-0.746420136750263
1933.16666666667,-12.4,-8.04406040722008,-4.65899517377798,0.303055580998061
1933.25,-9.7,-8.04779678307472,-2.14759602536261,0.495392808437334
1933.33333333333,-8.3,-8.05153315892936,1.47623101334162,-1.72469785441226
1933.41666666667,-5.1,-8.055269534784,4.99224779291711,-2.03697825813312
1933.5,0.5,-8.05900591063863,7.13152244912973,1.42748346150891
1933.58333333333,0.3,-8.06274228649327,7.05315837366645,1.30958391282682
1933.66666666667,-2.6,-8.06647866234791,5.37066359679312,0.0958150655547847
1933.75,-7.2,-8.07021503820255,1.58547315796221,-0.715258119759662
1933.83333333333,-13.4,-8.07395141405718,-2.39151083661923,-2.93453774932359
1933.91666666667,-14.2,-8.07768778991182,-5.40029215860055,-0.722020051487624
1934,-14,-8.08142416576646,-6.58828183789412,0.669706003660583
1934.08333333333,-11.4,-8.0851605416211,-6.42237542298051,3.1075359646016
1934.16666666667,-13.3,-8.08920073352181,-4.65681792426572,-0.553981342212474
1934.25,-8.9,-8.09324092542252,-2.14932056150595,1.34256148692847
1934.33333333333,-4.3,-8.09728111732323,1.47634696072696,2.32093415659628
1934.41666666667,-2.5,-8.10132130922394,4.98861466091806,0.612706648305882
1934.5,0,-8.10536150112465,7.12930420276821,0.976057298356448
1934.58333333333,-1,-8.10940169302537,7.04980144084708,0.0596002521782868
1934.66666666667,-1.7,-8.11344188492608,5.3703840261597,1.04305785876638
1934.75,-6.2,-8.11748207682679,1.59180697570444,0.325675101122346
1934.83333333333,-10.5,-8.1215222687275,-2.38803806149023,0.00956033021772917
1934.91666666667,-10.4,-8.12556246062821,-5.39189762853172,3.11746008915994
1935,-16.9,-8.12960265252893,-6.58778672676682,-2.18261062070425
1935.08333333333,-15.1,-8.13364284442964,-6.43158940635117,-0.534767749219197
1935.16666666667,-14.5,-8.13768303633035,-4.65473362886117,-1.70758333480848
1935.25,-12.6,-8.14203198749767,-2.15113151044503,-2.30683650205731
1935.33333333333,-7.8,-8.14638093866499,1.47638303662854,-1.13000209796356
1935.41666666667,-1.5,-8.15072988983231,4.98490984694423,1.66582004288808
1935.5,-0.6,-8.15507884099963,7.12702246394087,0.428056377058758
1935.58333333333,-1.7,-8.15942779216695,7.04639258354325,-0.586964791376305
1935.66666666667,-2,-8.16377674333427,5.37006409902318,0.79371264431109
1935.75,-6.9,-8.16812569450159,1.5981105853438,-0.329984890842207
1935.83333333333,-10.3,-8.17247464566891,-2.3845853460639,0.257059991732808
1935.91666666667,-15.2,-8.17682359683623,-5.38351654763345,-1.63965985553032
1936,-12.2,-8.18117254800355,-6.58729845427797,2.56847100228152
1936.08333333333,-14.5,-8.18552149917087,-6.44080738159447,0.126328880765339
1936.16666666667,-12.1,-8.18987045033819,-4.65265047856346,0.742520928901657
1936.25,-10.9,-8.19421940150551,-2.15294304960622,-0.55283754888827
1936.33333333333,-5.3,-8.19966226335021,1.47641907719273,1.42324318615748
1936.41666666667,-3.7,-8.20510512519491,4.98120501530169,-0.476099890106786
1936.5,-1.6,-8.21054798703961,7.12474072511354,-0.51419273807393
1936.58333333333,-0.9,-8.2159908488843,7.04298349436884,0.273007354515458
1936.66666666667,-3.9,-8.221433710729,5.36974370814549,-1.04830999741649
1936.75,-9.2,-8.2268765725737,1.60441184629893,-2.57753527372523
1936.83333333333,-11.7,-8.2323194344184,-2.38113686426484,-1.08654370131676
1936.91666666667,-11.9,-8.23776229626309,-5.37514362505731,1.71290592132041
1937,-11.9,-8.24320515810779,-6.5868222648061,2.93002742291389
1937.08333333333,-13.7,-8.24864801995249,-6.45003990488693,0.998687924839422
1937.16666666667,-14.5,-8.25409088179718,-4.6505843413471,-1.59532477685572
1937.25,-11.6,-8.25953374364188,-2.15476785526956,-1.18569840108856
1937.33333333333,-5.7,-8.26497660548658,1.47644559783396,1.08853100765261
1937.41666666667,-3.1,-8.27446633971727,4.97750494621063,0.196961393506646
1937.5,-0.7,-8.28395607394796,7.12247803131208,0.46147804263588
1937.58333333333,-1.8,-8.29344580817865,7.03961599734622,-0.546170189167567
1937.66666666667,-4.7,-8.30293554240935,5.3694874565455,-1.76655191413615
1937.75,-6.6,-8.31242527664004,1.61080230512226,0.101622971517777
1937.83333333333,-10.8,-8.32191501087073,-2.37757412600707,-0.100510863122198
1937.91666666667,-15.6,-8.33140474510142,-5.36663373295211,-1.90196152194646
1938,-14.6,-8.34089447933211,-6.58371245488369,0.324606934215801
1938.08333333333,-14.4,-8.35038421356281,-6.45944620955105,0.409830423113854
1938.16666666667,-9.8,-8.3598739477935,-4.64890297244498,3.20877692023848
1938.25,-14.3,-8.36936368202419,-2.15968846398036,-3.77094785399545
1938.33333333333,-8.1,-8.37885341625488,1.47570145900348,-1.1968480427486
1938.41666666667,-1.2,-8.38834315048557,4.97471807125393,2.21362507923164
1938.5,-1.7,-8.39188051988116,7.11872796129878,-0.426847441417625
1938.58333333333,-1.3,-8.39541788927674,7.03478488484576,0.0606330044309775
1938.66666666667,-3,-8.39895525867232,5.36868387780765,0.0302713808646757
1938.75,-4.9,-8.40249262806791,1.61775983501151,1.8847327930564
1938.83333333333,-6.6,-8.40602999746349,-2.37085480767449,4.17688480513798
1938.91666666667,-14.4,-8.40956736685907,-5.35659305586738,-0.633839577273543
1939,-13.3,-8.41310473625466,-6.58071967147796,1.69382440773262
1939.08333333333,-11.4,-8.41664210565024,-6.46898434697457,3.48562645262481
1939.16666666667,-18,-8.42017947504582,-4.64736824254498,-4.9324522824092
1939.25,-8.9,-8.42371684444141,-2.16475521185279,1.6884720562942
1939.33333333333,-8.8,-8.42725421383699,1.47481168085186,-1.84755746701487
1939.41666666667,-2.4,-8.43079158323257,4.97179830469598,1.05899327853659
1939.5,-1.9,-8.43432895262816,7.11485774740411,-0.580528794775949
1939.58333333333,-1.1,-8.43129425591019,7.029854217364,0.301440038546186
1939.66666666667,-3.8,-8.42825955919222,5.36780133298858,-0.739541773796361
1939.75,-9.1,-8.42522486247425,1.62465819303928,-2.29943333056502
1939.83333333333,-8.3,-8.42219016575629,-2.36417486698364,2.48636503273993
1939.91666666667,-15,-8.41915546903832,-5.34657838722842,-1.23426614373326
1940,-14.9,-8.41612077232035,-6.57773952732204,0.0938602996423903
1940.08333333333,-13.5,-8.41308607560238,-6.47852970028494,1.39161577588732
1940.16666666667,-13.5,-8.41005137888441,-4.64583530516889,-0.444113315946696
1940.25,-10.9,-8.40701668216644,-2.16982287612212,-0.323160441711439
1940.33333333333,-7.4,-8.40398198544848,1.47392186243036,-0.469939876981888
1940.41666666667,-3.9,-8.40094728873051,4.96887851800309,-0.467931229272585
1940.5,-3,-8.39791259201254,7.11098753350943,-1.71307494149689
1940.58333333333,-2.1,-8.39487789529457,7.02492341223137,-0.7300455169368
1940.66666666667,-3.2,-8.39191223401713,5.36691851286777,-0.175006278850637
1940.75,-6.8,-8.38894657273969,1.63155608615378,-0.0426095134140922
1940.83333333333,-10.5,-8.38598091146224,-2.35749558081758,0.243476492279822
1940.91666666667,-16.4,-8.3830152501848,-5.33656274398999,-2.6804220058252
1941,-15.6,-8.38004958890736,-6.57475677944241,-0.645193631650226
1941.08333333333,-14.9,-8.37708392762992,-6.48806583439943,-0.0348502379706535
1941.16666666667,-12.4,-8.37411826635248,-4.64428653312473,0.618404799477208
1941.25,-11.2,-8.37115260507503,-2.17485671276579,-0.653990682159181
1941.33333333333,-9.7,-8.36818694379759,1.47308386459211,-2.80489692079452
1941.41666666667,-3,-8.36522128252015,4.96604518419573,0.39917609832442
1941.5,-0.8,-8.3622556212427,7.10723840480256,0.455017216440144
1941.58333333333,-2.6,-8.35928995996526,7.0201586739217,-1.26086871395643
1941.66666666667,-2.8,-8.35632429868782,5.36624674120506,0.190077557482759
1941.75,-9.8,-8.35062426020076,1.63870763826781,-3.08808337806705
1941.83333333333,-10.7,-8.34492422171369,-2.35052002511058,-0.00455575317572965
1941.91666666667,-13.7,-8.33922418322663,-5.32622478427929,-0.0345510324940825
1942,-18.4,-8.33352414473956,-6.56931855665282,-3.49715729860761
1942.08333333333,-17.7,-8.3278241062525,-6.50234828850686,-2.86982760524064
1942.16666666667,-10.2,-8.32212406776544,-4.64044901383424,2.76257308159968
1942.25,-9.9,-8.31642402927837,-2.18036875728315,0.596792786561521
1942.33333333333,-6.6,-8.31072399079131,1.47104943311761,0.2396745576737
1942.41666666667,-2.3,-8.30502395230425,4.96329442178513,1.04172953051912
1942.5,-1.3,-8.29932391381718,7.09829830470356,-0.0989743908863812
1942.58333333333,-0.7,-8.29362387533012,7.01266502392046,0.580958851409661
1942.66666666667,-1.6,-8.28792383684306,5.36575200371734,1.32217183312572
1942.75,-4.4,-8.28222379835599,1.64962864245483,2.23259515590116
1942.83333333333,-11.4,-8.2679805259659,-2.33877851795707,-0.793240956077033
1942.91666666667,-11.2,-8.2537372535758,-5.31422887767476,2.36796613125056
1943,-13.7,-8.2394939811857,-6.56414332145125,1.10363730263694
1943.08333333333,-13.9,-8.2252507087956,-6.51690979859091,0.84216050738651
1943.16666666667,-11.1,-8.2110074364055,-4.63690661890898,1.74791405531448
1943.25,-9.2,-8.1967641640154,-2.18616599094988,1.18293015496528
1943.33333333333,-5,-8.1825208916253,1.4687397477096,1.71378114391571
1943.41666666667,-4.4,-8.16827761923521,4.96029727200849,-1.19201965277329
1943.5,-1.4,-8.15403434684511,7.08914068380602,-0.335106336960912
1943.58333333333,0.3,-8.13979107445501,7.00499284032052,1.43479823413449
1943.66666666667,-1.7,-8.12554780206491,5.36511771983076,1.06043008223415
1943.75,-4.7,-8.11130452967481,1.66044661242784,1.75085791724698
1943.83333333333,-13,-8.09706125728471,-2.32710353283276,-2.57583520988252
1943.91666666667,-12.7,-8.07829398576726,-5.30227590705316,0.68056989282042
1944,-11.4,-8.05952671424981,-6.55898743618632,3.21851415043612
1944.08333333333,-18.4,-8.04075944273236,-6.53148217624799,-3.82775838101965
1944.16666666667,-17,-8.0219921712149,-4.63336660919313,-4.34464121959197
1944.25,-8.9,-8.00322489969745,-2.19196444052194,1.29518934021939
1944.33333333333,-6.3,-7.98445762818,1.46643001570035,0.218027612479654
1944.41666666667,-4.1,-7.96569035666255,4.95730009893124,-1.09160974226869
1944.5,-1.8,-7.94692308514509,7.07998306290848,-0.933059977763385
1944.58333333333,1.7,-7.92815581362764,6.99732138893005,2.63083442469759
1944.66666666667,-3.3,-7.90938854211019,5.36448490036311,-0.755096358252922
1944.75,-9,-7.89062127059273,1.67127649620634,-2.78065522561361
1944.83333333333,-12.3,-7.87185399907528,-2.31540618451637,-2.11273981640835
1944.91666666667,-14.8,-7.85308672755783,-5.29026644592945,-1.65664682651272
1945,-19.7,-7.83736843535942,-6.55374093310927,-5.30889063153131
1945.08333333333,-10.4,-7.82165014316102,-6.54590620414083,3.96755634730185
1945.16666666667,-11.6,-7.80593185096261,-4.62962051776092,0.835552368723532
1945.25,-8.9,-7.79021355876421,-2.1974735492357,1.08768710799991
1945.33333333333,-5.3,-7.7744952665658,1.46449288369133,1.01000238287448
1945.41666666667,-1.8,-7.7587769743674,4.95477726478844,1.00399970957896
1945.5,0.3,-7.743058682169,7.0714015198796,0.971657162289395
1945.58333333333,-2.3,-7.72734038997059,6.99032057406174,-1.56298018409115
1945.66666666667,-2.8,-7.71162209777218,5.36461727607113,-0.452995178298946
1945.75,-5.9,-7.69590380557378,1.68292137394736,0.112982431626415
1945.83333333333,-11,-7.68018551337537,-2.30284404345062,-1.016970443174
1945.91666666667,-14.1,-7.66446722117697,-5.27743303122548,-1.15809974759755
1946,-14.2,-7.64874892897856,-6.55264601763837,0.00139494661693629
1946.08333333333,-14.4,-7.63750667510865,-6.5806281954892,-0.181865129402154
1946.16666666667,-10.8,-7.62626442123873,-4.6157334935587,1.44199791479742
1946.25,-7.1,-7.61502216736881,-2.19322018359263,2.70824235096144
1946.33333333333,-5.7,-7.60377991349889,1.46508713997953,0.438692773519357
1946.41666666667,-3.9,-7.59253765962897,4.94260810176383,-1.25007044213485
1946.5,0.3,-7.58129540575905,7.05485382436376,0.826441581395296
1946.58333333333,-1.1,-7.57005315188913,6.97841868751227,-0.508365535623139
1946.66666666667,-1.2,-7.55881089801922,5.36816661866014,0.990644279359071
1946.75,-6.9,-7.5475686441493,1.71018588137376,-1.06261723722446
1946.83333333333,-10.1,-7.53632639027938,-2.29088882058544,-0.272784789135179
1946.91666666667,-15.8,-7.52508413640946,-5.25614945504634,-3.0187664085442
1947,-16.4,-7.51384188253954,-6.55279339659762,-2.33336472086284
1947.08333333333,-15.7,-7.50259962866962,-6.61654358739226,-1.58085678393812
1947.16666666667,-11.4,-7.49547747586903,-4.6029909760357,0.698468451904735
1947.25,-7.4,-7.48835532306844,-2.19000030215137,2.27835562521981
1947.33333333333,-4,-7.48123317026785,1.46475893454336,2.01647423572449
1947.41666666667,-1.4,-7.47411101746726,4.92965296346873,1.14445805399853
1947.5,1,-7.46698886466667,7.03765664003133,1.42933222463534
1947.58333333333,0.5,-7.45986671186608,6.96599832293291,0.993868388933167
1947.66666666667,-1.9,-7.45274455906549,5.37132849400595,0.18141606505954
1947.75,-4.3,-7.4456224062649,1.73716860683121,1.40845379943369
1947.83333333333,-10,-7.43850025346431,-2.27910969441495,-0.282390052120747
1947.91666666667,-15.4,-7.43137810066371,-5.23497957239669,-2.7336423269396
1948,-13.1,-7.42425594786312,-6.55299206592114,0.877248013784269
1948.08333333333,-15.3,-7.41713379506253,-6.65248835676413,-1.23037784817334
1948.16666666667,-7.8,-7.41001164226194,-4.59025592308606,4.20026756534801
1948.25,-9,-7.41155876045615,-2.18678427309408,0.598343033550225
1948.33333333333,-5.1,-7.41310587865036,1.4644304889126,0.848675389737755
1948.41666666667,-4.5,-7.41465299684456,4.91669770507634,-2.00204470823178
1948.5,-3.4,-7.41620011503877,7.0204594556989,-3.00425934066012
1948.58333333333,-1.2,-7.41774723323298,6.95357779066616,-0.735830557433187
1948.66666666667,-1.5,-7.41929435142718,5.37449003397699,0.544804317450199
1948.75,-4.1,-7.42084146962139,1.76414928828781,1.55669218133358
1948.83333333333,-6.5,-7.4223885878156,-2.26733432087138,3.18972290868698
1948.91666666667,-10.8,-7.4239357060098,-5.21381011876633,1.83774582477613
1949,-12.3,-7.42548282420401,-6.55318784065633,1.67867066486034
1949.08333333333,-11.5,-7.42702994239822,-6.68840056771998,2.61543051011819
1949.16666666667,-15.4,-7.42857706059243,-4.57745864789271,-3.39396429151486
1949.25,-7.5,-7.43012417878663,-2.18343850651319,2.11356268529983
1949.33333333333,-6.8,-7.43779718333505,1.46429929608531,-0.826502112750261
1949.41666666667,-3.6,-7.44547018788346,4.9040327893686,-1.05856260148514
1949.5,-0.7,-7.45314319243188,7.0036457039323,-0.25050251150042
1949.58333333333,-0.6,-7.46081619698029,6.94161809969135,-0.0808019027110545
1949.66666666667,-0.7,-7.46848920152871,5.37818982396605,1.39029937756266
1949.75,-3.4,-7.47616220607712,1.79168828622571,2.28447391985141
1949.83333333333,-12.5,-7.48383521062554,-2.25498056438324,-2.76118422499122
1949.91666666667,-11,-7.49150821517395,-5.19212369787024,1.68363191304419
1950,-13.3,-7.49918121972237,-6.55204972681119,0.751230946533552
1950.08333333333,-12.4,-7.50685422427078,-6.71729681870109,1.82415104297187
1950.16666666667,-10.3,-7.5145272288192,-4.57676070980018,1.79128793861937
1950.25,-12.5,-7.52220023336761,-2.1973058434785,-2.78049392315389
1950.33333333333,-4.7,-7.52987323791603,1.46516257385558,1.36471066406045
1950.41666666667,-0.8,-7.54168641278308,4.88702904455511,1.85465736822798
1950.5,1.2,-7.55349958765014,6.99525394395335,1.75824564369679
1950.58333333333,0.1,-7.5653127625172,6.92189319024993,0.743419572267265
1950.66666666667,-3.7,-7.57712593738426,5.38889266031462,-1.51176672293036
1950.75,-5.4,-7.58893911225132,1.84319734694408,0.345741765307238
1950.83333333333,-10.9,-7.60075228711837,-2.2597886744531,-1.03945903842853
1950.91666666667,-15.6,-7.61256546198543,-5.15097652305682,-2.83645801495775
1951,-13.6,-7.62437863685249,-6.55295691919358,0.577335556046067
1951.08333333333,-16,-7.63619181171955,-6.74813230109786,-1.61567588718259
1951.16666666667,-15.1,-7.6480049865866,-4.57789592831141,-2.87409908510199
1951.25,-11.1,-7.65981816145366,-2.21281301009501,-1.22736882845133
1951.33333333333,-7.3,-7.67163133632072,1.46457934892721,-1.09294801260649
1951.41666666667,-3.5,-7.68344451118778,4.86880986880812,-0.685365357620342
1951.5,-0.3,-7.70154389952723,6.98587782480606,0.415666074721171
1951.58333333333,-0.7,-7.71964328786667,6.90139951227056,0.118243775596115
1951.66666666667,-1.3,-7.73774267620612,5.39904231875561,1.03870035745051
1951.75,-6.2,-7.75584206454557,1.89430839624502,-0.338466331699454
1951.83333333333,-9.9,-7.77394145288502,-2.26483962945022,0.138781082335233
1951.91666666667,-9.9,-7.79204084122447,-5.10998844435518,3.00202928557965
1952,-17,-7.81014022956391,-6.55393945887227,-2.63592031156382
1952.08333333333,-16.1,-7.82823961790336,-6.7790120776435,-1.49274830445314
1952.16666666667,-11.8,-7.84633900624281,-4.57904438782409,0.625383394066897
1952.25,-8,-7.86443839458226,-2.22832706490979,2.09276545949205
1952.33333333333,-7,-7.8825377829217,1.46399558860375,-0.581457805682049
1952.41666666667,-1.9,-7.90063717126115,4.85059042536359,1.15004674589756
1952.5,1.7,-7.9187365596006,6.97650170565876,2.64223485394184
1952.58333333333,0,-7.93576634099308,6.88090173651201,1.05486460448107
1952.66666666667,-6.3,-7.95279612238556,5.40918378163826,-3.7563876592527
1952.75,-8.2,-7.96982590377804,1.9453734320298,-2.17554752825175
1952.83333333333,-14.1,-7.98685568517053,-2.26997441592134,-3.84316989890814
1952.91666666667,-14.5,-8.00388546656301,-5.06916550805774,-1.42694902537925
1953,-14.5,-8.02091524795549,-6.55516845188535,0.0760836998408427
1953.08333333333,-15.3,-8.03794502934797,-6.81019554354178,-0.451859427110254
1953.16666666667,-11.5,-8.05497481074045,-4.58055377270765,1.1355285834481
1953.25,-9.4,-8.07200459213293,-2.2441757727569,0.916180364889831
1953.33333333333,-6.2,-8.08903437352541,1.46310344758652,0.425930925938895
1953.41666666667,-4.3,-8.1060641549179,4.8322088243424,-1.0261446694245
1953.5,-0.1,-8.12309393631038,6.96710965205194,1.05598428425844
1953.58333333333,-0.6,-8.14012371770286,6.86061804126179,0.679505676441067
1953.66666666667,-1.7,-8.1455710585243,5.4197693399971,1.0258017185272
1953.75,-4.8,-8.15101839934574,1.99717576145513,1.35384263789062
1953.83333333333,-5.4,-8.15646574016719,-2.27407871058753,5.03054445075471
1953.91666666667,-10.6,-8.16191308098863,-5.02694779451264,2.58886087550127
1954,-17.4,-8.16736042181007,-6.51537683008755,-2.71726274810238
1954.08333333333,-14.9,-8.17280776263152,-6.81125288594438,0.0840606485758961
1954.16666666667,-12.3,-8.17825510345296,-4.62790762230917,0.506162725762129
1954.25,-11.7,-8.1837024442744,-2.31201673096987,-1.20428082475573
1954.33333333333,-7.2,-8.18914978509584,1.4463512354605,-0.457201450364661
1954.41666666667,-2.1,-8.19459712591729,4.839175060724,1.25542206519329
1954.5,-3.7,-8.20004446673873,6.96412449795696,-2.46408003121823
1954.58333333333,-2.4,-8.20549180756017,6.83039842171124,-1.02490661415107
1954.66666666667,-3.1,-8.21093914838162,5.4189352310645,-0.307996082682884
1954.75,-5.6,-8.20579936181832,2.07131087375991,0.534488488058414
1954.83333333333,-9.3,-8.20065957525503,-2.2422644984647,1.14292407371973
1954.91666666667,-11.8,-8.19551978869174,-5.01575435990338,1.41127414859511
1955,-12,-8.19038000212844,-6.47462662178997,2.66500662391841
1955.08333333333,-17.5,-8.18524021556515,-6.81158604058205,-2.50317374385281
1955.16666666667,-14.4,-8.18010042900185,-4.67477168288059,-1.54512788811756
1955.25,-11,-8.17496064243856,-2.37953626634973,-0.445503091211712
1955.33333333333,-7.4,-8.16982085587527,1.42975207997061,-0.659931224095347
1955.41666666667,-3.7,-8.16468106931197,4.84623136100911,-0.38155029169714
1955.5,-1.4,-8.15954128274868,6.9611664150329,-0.201625132284223
1955.58333333333,-2.7,-8.15440149618538,6.80021767287958,-1.3458161766942
1955.66666666667,-4,-8.14926170962209,5.41815179239877,-1.26889008277668
1955.75,-7.1,-8.1441219230588,2.14550419871872,-1.10138227565992
1955.83333333333,-8.9,-8.13839739996817,-2.21038453130069,1.44878193126886
1955.91666666667,-11.9,-8.13267287687755,-5.00450352653212,1.23717640340967
1956,-12.9,-8.12694835378692,-6.43382737100961,1.66077572479653
1956.08333333333,-21.7,-8.1212238306963,-6.8118865813094,-6.7668895879943
1956.16666666667,-14.2,-8.11549930760567,-4.72161955811417,-1.36288113428016
1956.25,-13,-8.10977478451505,-2.44704730705476,-2.4431779084302
1956.33333333333,-6.6,-8.10405026142442,1.41315372849255,0.0908965329318772
1956.41666666667,-6,-8.0983257383338,4.85328806330014,-2.75496232496635
1956.5,-1.3,-8.09260121524317,6.95820833210885,-0.165607116865674
1956.58333333333,-2.1,-8.08687669215255,6.77003437757108,-0.783157685418532
1956.66666666667,-1.9,-8.08115216906192,5.41736326077935,0.763788908282573
1956.75,-7.9,-8.0754276459713,2.21967094711033,-2.04424330113903
1956.83333333333,-11.5,-8.06970312288067,-2.17855262431739,-1.25174425280194
1956.91666666667,-12.5,-8.06454754563015,-4.99335172786959,0.557899273499738
1957,-14.3,-8.05939196837963,-6.39317812946597,0.152570097845598
1957.08333333333,-13.3,-8.0542363911291,-6.81239523337191,1.56663162450101
1957.16666666667,-8.7,-8.04908081387858,-4.76873364678132,4.1178144606599
1957.25,-10.9,-8.04392523662806,-2.51485709302642,-0.341217670345516
1957.33333333333,-8.6,-8.03876965937754,1.39622409991477,-1.95745444053724
1957.41666666667,-2.6,-8.03361408212701,4.86003988446876,0.573574197658257
1957.5,-1.5,-8.02845850487649,6.95497176403966,-0.426513259163169
1957.58333333333,-2.1,-8.02330292762597,6.73969032233395,-0.816387394707979
1957.66666666667,-4.3,-8.01814735037545,5.4165316944478,-1.69838434407236
1957.75,-4,-8.01299177312492,2.29402764842718,1.71896412469774
1957.83333333333,-7.7,-8.0078361958744,-2.14629777677147,2.45413397264587
1957.91666666667,-12.2,-8.00268061862388,-4.98142625095273,0.784106869576605
1958,-12.7,-7.99575927594183,-6.32505466103522,1.62081393697705
1958.08333333333,-12.6,-7.98883793325978,-6.80889148040832,2.1977294136681
1958.16666666667,-16.1,-7.98191659057773,-4.83074892751951,-3.28733448190276
1958.25,-13.6,-7.97499524789569,-2.59205542050575,-3.03294933159857
1958.33333333333,-3.9,-7.96807390521364,1.37904540382921,2.68902850138442
1958.41666666667,-3.7,-7.96115256253159,4.85691998026434,-0.595767417732747
1958.5,-0.4,-7.95423121984954,6.94948936871774,0.604741851131796
1958.58333333333,0.3,-7.94730987716749,6.73350665613638,1.51380322103111
1958.66666666667,-0.8,-7.94038853448544,5.40952730802481,1.73086122646064
1958.75,-6.7,-7.9334671918034,2.33471684288969,-1.1012496510863
1958.83333333333,-9.3,-7.92654584912135,-2.11865811235325,0.745203961474598
1958.91666666667,-11.9,-7.9196245064393,-4.95445057204757,0.97407507848687
1959,-15.1,-7.91270316375725,-6.25448241492582,-0.932814421316927
1959.08333333333,-10.7,-7.9078194541609,-6.80328134541767,4.01110079957857
1959.16666666667,-10.7,-7.90293574456456,-4.89100022188222,2.09393596644678
1959.25,-9.3,-7.89805203496821,-2.66781327931201,1.26586531428022
1959.33333333333,-6.6,-7.89316832537186,1.36298365871428,-0.0698153333424205
1959.41666666667,-2.8,-7.88828461577551,4.8546583557494,0.233626260026115
1959.5,0.1,-7.88340090617916,6.94460658180417,1.03879432437499
1959.58333333333,-1.4,-7.87851719658282,6.72775047086474,-0.249233274281922
1959.66666666667,-1,-7.87363348698647,5.40277827504532,1.47085521194114
1959.75,-5.8,-7.86874977739012,2.37556665146084,-0.306816874070718
1959.83333333333,-10.2,-7.86386606779377,-2.09095257316127,-0.245181359044954
1959.91666666667,-12.8,-7.85898235819742,-4.92744498947818,-0.0135726523243971
1960,-15.3,-7.85409864860108,-6.1839162362617,-1.26198511513722
1960.08333333333,-13.8,-7.84921493900473,-6.79767751096832,0.846892449973051
1960.16666666667,-12.8,-7.84861268921163,-4.95125804988227,-0.000129260906100548
1960.25,-11.2,-7.84801043941853,-2.74357455869356,-0.608415001887917
1960.33333333333,-5.8,-7.84740818962543,1.34692160608614,0.700486583539283
1960.41666666667,-2.2,-7.84680593983232,4.85239657747786,0.794409362354468
1960.5,-2.9,-7.84620369003922,6.93972379489059,-1.99352010485137
1960.58333333333,-2.4,-7.84560144024612,6.72199456801206,-1.27639312776594
1960.66666666667,-4.6,-7.84499919045302,5.39602980690376,-2.15103061645074
1960.75,-8.9,-7.84439694065992,2.41640473124467,-3.47200779058475
1960.83333333333,-10.8,-7.84379469086682,-2.06327105638185,-0.892934252751333
1960.91666666667,-13.8,-7.84319244107372,-4.90055449526165,-1.05625306366464
1961,-14.1,-7.84259019128062,-6.11355621189075,-0.143853596828634
1961.08333333333,-11.8,-7.84198794148752,-6.79253718209476,2.83452512358227
1961.16666666667,-10.6,-7.84138569169441,-5.01223673474071,2.25362242643512
1961.25,-8,-7.84779373400026,-2.82051351931602,2.66830725331628
1961.33333333333,-8,-7.85420177630611,1.32922504783455,-1.47502327152844
1961.41666666667,-1.9,-7.86060981861196,4.84788894225239,1.11272087635957
1961.5,-2.8,-7.8670178609178,6.93198379969262,-1.86496593877482
1961.58333333333,-0.8,-7.87342590322365,6.71275446462651,0.36067143859714
1961.66666666667,0,-7.8798339455295,5.38517014598087,2.49466379954863
1961.75,-5.3,-7.88624198783535,2.45263868563823,0.133603302197116
1961.83333333333,-9.8,-7.89265003014119,-2.04068659760163,0.133336627742823
1961.91666666667,-12,-7.89905807244704,-4.87895991717005,0.778017989617087
1962,-13.1,-7.90546611475289,-6.0580891303073,0.863555245060188
1962.08333333333,-15.3,-7.91187415705874,-6.74332035499704,-0.644805487944227
1962.16666666667,-15.6,-7.91828219936458,-5.04970776374763,-2.63201003688779
1962.25,-12.6,-7.92469024167043,-2.87187361846448,-1.80343613986508
1962.33333333333,-8.5,-7.93228660908508,1.32346142976055,-1.89117482067548
1962.41666666667,-3.9,-7.93988297649972,4.8302943337627,-0.790411357262981
1962.5,-1.9,-7.94747934391436,6.91510323548664,-0.867623891572276
1962.58333333333,1,-7.95507571132901,6.7147780790404,2.24029763228861
1962.66666666667,-2.4,-7.96267207874365,5.3717965780365,0.19087550070715
1962.75,-3.4,-7.9702684461583,2.45945804839586,2.11081039776244
1962.83333333333,-12.8,-7.97786481357294,-2.05455647630509,-2.76757871012197
1962.91666666667,-15,-7.98546118098758,-4.85845061014962,-2.15608820886279
1963,-17.6,-7.99305754840223,-5.99972689358532,-3.60721555801245
1963.08333333333,-17.8,-8.00065391581687,-6.6911428400861,-3.10820324409703
1963.16666666667,-12.4,-8.00825028323152,-5.08415257226664,0.692402855498159
1963.25,-9.3,-8.01584665064616,-2.92042900590707,1.63627565655323
1963.33333333333,-6.9,-8.0234430180608,1.32028101461041,-0.196837996549608
1963.41666666667,-2.8,-8.02535934087011,4.81489641353286,0.410462927337251
1963.5,0.5,-8.02727566367941,6.9000328448765,1.62724281880292
1963.58333333333,-2,-8.02919198648871,6.71821018821526,-0.689018201726546
1963.66666666667,-2.6,-8.03110830929802,5.35942982601823,0.0716784832797916
1963.75,-4.3,-8.03302463210732,2.46699145579583,1.26603317631149
1963.83333333333,-8.6,-8.03494095491662,-2.06800508164995,1.50294603656658
1963.91666666667,-11.6,-8.03685727772593,-4.83767627120127,1.2745335489272
1964,-10.4,-8.03877360053523,-5.94125586636607,3.5800294669013
1964.08333333333,-12.9,-8.04068992334453,-6.63890560236871,1.77959552571324
1964.16666666667,-12.6,-8.04260624615384,-5.11858672567002,0.561192971823859
1964.25,-9.8,-8.04452256896314,-2.96897902174644,1.21350159070958
1964.33333333333,-5.1,-8.04643889177244,1.31710068755107,1.62933820422138
1964.41666666667,-1.2,-8.04835521458175,4.79949853734841,2.04885667723333
1964.5,0,-8.04812047216669,6.88496245426635,1.16315801790034
1964.58333333333,-1.4,-8.04788572975164,6.72164632515816,-0.0737605954065206
1964.66666666667,-1.5,-8.04765098733659,5.34707112953604,1.20057985780054
1964.75,-9.1,-8.04741624492153,2.47456204785225,-3.52714580293072
1964.83333333333,-8.5,-8.04718150250648,-2.08138737321802,1.6285688757245
1964.91666666667,-12.8,-8.04694676009143,-4.81678081501933,0.0637275751107529
1965,-14.7,-8.04671201767638,-5.88260891845645,-0.770679063867179
1965.08333333333,-18.5,-8.04647727526132,-6.58644963640359,-3.86707308833509
1965.16666666667,-13.5,-8.04624253284627,-5.15275934326831,-0.300998123885423
1965.25,-13.2,-8.04600779043122,-3.01727857600341,-2.13671363356537
1965.33333333333,-7.5,-8.04577304801616,1.31415974785143,-0.768386699835268
1965.41666666667,-2.8,-8.04553830560111,4.78422852665405,0.461309778947061
1965.5,-2.4,-8.04530356318606,6.86990840727667,-1.22460484409061
1965.58333333333,-2.4,-8.0488743559437,6.72488455744582,-1.07601020150211
1965.66666666667,-4.8,-8.05244514870135,5.33430028012291,-2.08185513142156
1965.75,-3.3,-8.056015941459,2.4814103508454,2.2746055906136
1965.83333333333,-12.7,-8.05958673421665,-2.09580208998169,-2.54461117580166
1965.91666666667,-13.5,-8.0631575269743,-4.79728690446865,-0.63955556855705
1966,-14.9,-8.06672831973195,-5.86986816480561,-0.963403515462442
1966.08333333333,-10.5,-8.0702991124896,-6.52119484322279,4.09149395571238
1966.16666666667,-14.9,-8.07386990524724,-5.15863285211647,-1.66749724263629
1966.25,-9,-8.07744069800489,-3.05051471129387,2.12795540929876
1966.33333333333,-6.6,-8.08101149076254,1.30230707175724,0.178704419005301
1966.41666666667,-2.7,-8.08458228352019,4.76881166942139,0.615770614098802
1966.5,-2.9,-8.08815307627784,6.86315663620683,-1.675003559929
1966.58333333333,-2.3,-8.09172386903548,6.73375130631549,-0.942027437280009
1966.66666666667,-0.5,-8.09889952404251,5.32974135051521,2.2691581735273
1966.75,-5,-8.10607517904953,2.4936330649663,0.61244211408324
1966.83333333333,-14.3,-8.11325083405656,-2.11764151953544,-4.069107646408
1966.91666666667,-14.4,-8.12042648906358,-4.79607984994387,-1.48349366099254
1967,-14.2,-8.12760214407061,-5.85813815904536,-0.21425969688403
1967.08333333333,-13.1,-8.13477779907764,-6.45664051341963,1.49141831249727
1967.16666666667,-12.9,-8.14195345408466,-5.16489653982933,0.406849993913992
1967.25,-12,-8.14912910909169,-3.08392806425295,-0.766942826655368
1967.33333333333,-6.7,-8.15630476409871,1.29049013919051,0.165814624908204
1967.41666666667,-3.8,-8.16348041910574,4.75353081134811,-0.390050392242376
1967.5,0.8,-8.17065607411276,6.85664111992832,2.11401495418444
1967.58333333333,-0.4,-8.17783172911979,6.74285947316923,1.03497225595055
1967.66666666667,-3.7,-8.18500738412681,5.32542900208432,-0.840421617957512
1967.75,-3.3,-8.18423583176231,2.50606183830475,2.37817399345757
1967.83333333333,-7.4,-8.18346427939781,-2.1393154118309,2.92277969122872
1967.91666666667,-14.8,-8.18269272703331,-4.79475541575054,-1.82255185721615
1968,-16.8,-8.18192117466882,-5.84633893120627,-2.77173989412491
1968.08333333333,-13.7,-8.18114962230432,-6.39204502204926,0.873194644353573
1968.16666666667,-11.9,-8.18037806993982,-5.17114712648659,1.4515251964264
1968.25,-8.7,-8.17960651757532,-3.11733465589962,2.59694117347494
1968.33333333333,-6.8,-8.17883496521082,1.27867362819297,0.100161337017845
1968.41666666667,-3.5,-8.17806341284632,4.73825016405944,-0.06018675121312
1968.5,-1.6,-8.17729186048182,6.85012560364981,-0.272833743167988
1968.58333333333,-2.7,-8.17652030811732,6.75197260172483,-1.27545229360751
1968.66666666667,-3.9,-8.17574875575282,5.32112657705715,-1.04537782130433
1968.75,-3.5,-8.17497720338832,2.51856151350569,2.15641568988263
1968.83333333333,-8.4,-8.17008645712146,-2.16085742380509,1.93094388092655
1968.91666666667,-15.2,-8.16519571085459,-4.79307563779092,-2.24172865135448
1969,-12.6,-8.16030496458773,-5.83396089615591,1.39426586074364
1969.08333333333,-18.8,-8.15541421832086,-6.32641588868902,-4.31816989299012
1969.16666666667,-12.9,-8.150523472054,-5.17590923637539,0.426432708429385
1969.25,-11.9,-8.14563272578713,-3.14857870314556,-0.605788571067311
1969.33333333333,-5,-8.14074197952027,1.26969372922847,1.8710482502918
1969.41666666667,-4.8,-8.1358512332534,4.72658727548693,-1.39073604223353
1969.5,0.1,-8.13096048698654,6.8480089927706,1.38295149421594
1969.58333333333,-2.6,-8.12606974071968,6.76620918297513,-1.24013944225545
1969.66666666667,-1.2,-8.12117899445281,5.32267215202007,1.59850684243274
1969.75,-2.6,-8.11628824818595,2.53737593513556,2.97891231305038
1969.83333333333,-10.6,-8.11139750191908,-2.17561794291151,-0.312984555169406
1969.91666666667,-16.1,-8.11162871735165,-4.78463551488003,-3.20373576776832
1970,-12.4,-8.11185993278421,-5.85833679166289,1.57019672444711
1970.08333333333,-17.8,-8.11209114821678,-6.31962300756062,-3.3682858442226
1970.16666666667,-16.8,-8.11232236364935,-5.19158400361827,-3.49609363273238
1970.25,-14.7,-8.11255357908191,-3.16462398660565,-3.42282243431243
1970.33333333333,-8.7,-8.11278479451448,1.25350865742778,-1.8407238629133
1970.41666666667,-2.4,-8.11301600994705,4.69959635527675,1.01341965467029
1970.5,-1.5,-8.11324722537961,6.87717757101307,-0.263930345633458
1970.58333333333,-1,-8.11347844081218,6.7837434285222,0.329735012289977
1970.66666666667,-1.1,-8.11370965624475,5.32985985514559,1.68384980109916
1970.75,-6.6,-8.11394087167731,2.55775841887585,-1.04381754719854
1970.83333333333,-8.5,-8.11417208710988,-2.15715248728823,1.77132457439811
1970.91666666667,-14.1,-8.11440330254245,-4.75400255583082,-1.23159414162673
1971,-14.1,-8.11635067260127,-5.88714932259181,-0.0965000048069218
1971.08333333333,-14.7,-8.11829804266009,-6.31718794658439,-0.264514010755521
1971.16666666667,-16.7,-8.12024541271891,-5.21153777574355,-3.36821681153754
1971.25,-8.4,-8.12219278277773,-3.18452500566362,2.90671778844135
1971.33333333333,-5.1,-8.12414015283655,1.23389111931372,1.79024903352283
1971.41666666667,-5.1,-8.12608752289537,4.66972807201201,-1.64364054911664
1971.5,0.2,-8.12803489295419,6.90402388945977,1.42401100349442
1971.58333333333,0.5,-8.12998226301301,6.79946449524558,1.83051776776743
1971.66666666667,-3.4,-8.13192963307183,5.3357434604195,-0.603813827347665
1971.75,-3,-8.13387700313065,2.57720011839391,2.55667688473675
1971.83333333333,-11.1,-8.13582437318948,-2.1392645022578,-0.824911124552729
1971.91666666667,-8.7,-8.1377717432483,-4.72374667812798,4.16151842137627
1972,-14,-8.13971911330712,-5.9161385456206,0.0558576589277191
1972.08333333333,-13,-8.13783992487997,-6.31485426281713,1.4526941876971
1972.16666666667,-11.7,-8.13596073645283,-5.2315176101869,1.66747834663973
1972.25,-11.1,-8.13408154802569,-3.20443938272929,0.238520930754976
1972.33333333333,-8.3,-8.13220235959855,1.21427292750235,-1.3820705679038
1972.41666666667,-3.6,-8.1303231711714,4.6398594618986,-0.109536290727197
1972.5,-1.1,-8.12844398274426,6.93087020790647,0.0975737748377945
1972.58333333333,-1.9,-8.12656479431712,6.81518389922346,-0.588619104906339
1972.66666666667,-6.4,-8.12468560588998,5.34162374020239,-3.61693813431241
1972.75,-5.6,-8.12280641746283,2.59662537615547,-0.0738189586926374
1972.83333333333,-9.8,-8.12092722903569,-2.12140607524934,0.442333304285029
1972.91666666667,-10.2,-8.11904804060855,-4.69355219895662,2.61260023956517
1973,-12,-8.11716885218141,-5.9452210076904,2.0623898598718
1973.08333333333,-16.8,-8.11528966375426,-6.3126553902729,-2.37205494597284
1973.16666666667,-13.8,-8.11507794013407,-5.2516738280353,-0.433248231830628
1973.25,-14.3,-8.11486621651388,-3.22455789522051,-2.96057588826561
1973.33333333333,-5.2,-8.11465449289368,1.19442284824491,1.72023164464877
1973.41666666667,-2.2,-8.11444276927349,4.60977561880952,1.30466715046397
1973.5,-2.2,-8.1142310456533,6.95751794784788,-1.04328690219458
1973.58333333333,0.8,-8.1140193220331,6.83078662664214,2.08323269539097
1973.66666666667,-2.2,-8.11380759841291,5.34746924537218,0.566338353040736
1973.75,-6.2,-8.11359587479272,2.61615126075875,-0.702555385966035
1973.83333333333,-10.4,-8.11338415117253,-2.10331161994433,-0.183304228883141
1973.91666666667,-13.4,-8.11317242755233,-4.66296023267636,-0.623867339771303
1974,-10.7,-8.11296070393214,-5.95575553908527,3.36871624301742
1974.08333333333,-13.9,-8.11274898031195,-6.31413157521195,0.526880555523901
1974.16666666667,-12.5,-8.11253725669175,-5.27699851000232,0.889535766694078
1974.25,-11.4,-8.11805550708409,-3.24826204615916,-0.0336824467567478
1974.33333333333,-7.7,-8.12357375747643,1.18501196424068,-0.761438206764248
1974.41666666667,-5,-8.12909200786877,4.55435471986057,-1.4252627119918
1974.5,-2.1,-8.13461025826111,6.98533798025228,-0.950727721991163
1974.58333333333,-0.1,-8.14012850865345,6.85580304602941,1.18432546262405
1974.66666666667,-4.1,-8.1456467590458,5.34870471622514,-1.30305795717935
1974.75,-14.6,-8.15116500943813,2.60458532867389,-9.05342031923575
1974.83333333333,-11.7,-8.15668325983047,-2.08627066241759,-1.45704607775194
1974.91666666667,-12.1,-8.16220151022281,-4.59044519768156,0.652646707904374
1975,-10.9,-8.16771976061515,-5.96653119174311,3.23425095235827
1975.08333333333,-12.1,-8.17323801100749,-6.316006387327,2.3892443983345
1975.16666666667,-15,-8.17875626139983,-5.30287932505837,-1.5183644135418
1975.25,-10.9,-8.18427451179217,-3.27258548713376,0.55685999892593
1975.33333333333,-6.8,-8.18944035013842,1.17491863325358,0.214521716884841
1975.41666666667,-4.9,-8.19460618848466,4.49825976280103,-1.20365357431636
1975.5,-1.1,-8.1997720268309,7.01249234341835,0.0872796834125573
1975.58333333333,-1.1,-8.20493786517715,6.88022515248212,0.224712712695025
1975.66666666667,-1.8,-8.21010370352339,5.34941723044732,1.06068647307607
1975.75,-6.5,-8.21526954186964,2.59259838873079,-0.87732884686115
1975.83333333333,-10.5,-8.22043538021588,-2.06954876397651,-0.21001585580761
1975.91666666667,-9.6,-8.22560121856212,-4.51815866413041,3.14375988269253
1976,-14.9,-8.23076705690837,-5.97744478820258,-0.691788154889052
1976.08333333333,-12.1,-8.23593289525461,-6.31796478645383,2.45389768170844
1976.16666666667,-13.9,-8.24109873360086,-5.32878937033634,-0.330111896062805
1976.25,-10.9,-8.2462645719471,-3.29692406594272,0.64318863788982
1976.33333333333,-5.9,-8.25143041029334,1.16482425681966,1.18660615347368
1976.41666666667,-2.3,-8.25387733644127,4.44216428301807,1.5117130534232
1976.5,-1.1,-8.2563242625892,7.03964670658442,0.116677556004779
1976.58333333333,-3.2,-8.25877118873712,6.90464353988854,-1.84587235115142
1976.66666666667,-5,-8.26121811488505,5.3501223065769,-2.08890419169185
1976.75,-5.4,-8.26366504103298,2.5805606233156,0.283104417717379
1976.83333333333,-11.5,-8.2661119671809,-2.05292107838702,-1.18096695443208
1976.91666666667,-14.7,-8.26855889332883,-4.44613427236673,-1.98530683430444
1977,-15.1,-8.27100581947676,-5.98878845538541,-0.840205725137835
1977.08333333333,-13.9,-8.27345274562468,-6.3207204034963,0.694173149120983
1977.16666666667,-10,-8.27589967177261,-5.35586378072224,3.63176345249485
1977.25,-11.7,-8.27834659792054,-3.32300770079809,-0.0986457012813737
1977.33333333333,-7.5,-8.28079352406846,1.15240413340087,-0.371610609332413
1977.41666666667,-4,-8.28324045021639,4.38303386760258,-0.0997934173861879
1977.5,-1,-8.28360237698945,7.06305694547028,0.220545431519172
1977.58333333333,-2.5,-8.28396430376251,6.92465214838416,-1.14068784462165
1977.66666666667,-4,-8.28432623053557,5.34575194916509,-1.06142571862952
1977.75,-3.5,-8.28468815730863,2.56301081147136,2.22167734583727
1977.83333333333,-12.6,-8.28505008408169,-2.04224205211424,-2.27270786380407
1977.91666666667,-10.4,-8.28541201085475,-4.38007522474259,2.26548723559734
1978,-14.9,-8.2857739376278,-5.970654859235,-0.643571203137192
1978.08333333333,-15,-8.28613586440087,-6.30216121181055,-0.411702923788589
1978.16666666667,-12.8,-8.28649779117393,-5.34700448526672,0.833502276440641
1978.25,-12.4,-8.28685971794699,-3.34916759579969,-0.763972686253327
1978.33333333333,-7.9,-8.28722164472005,1.14159989937918,-0.754378254659134
1978.41666666667,-4.8,-8.2875835714931,4.3361839515712,-0.848600380078096
1978.5,-2.3,-8.28794549826616,7.07545568057363,-1.08751018230747
1978.58333333333,-2.1,-8.28335139149075,6.95560427541208,-0.772252883921331
1978.66666666667,-3.8,-8.27875728471535,5.31427510291127,-0.835517818195919
1978.75,-4.4,-8.27416317793993,2.50747515396076,1.36668802397917
1978.83333333333,-8,-8.26956907116453,-2.05095932762996,2.32052839879448
1978.91666666667,-11.5,-8.26497496438911,-4.31715021720824,1.08212518159735
1979,-16.6,-8.26038085761371,-5.94844042367107,-2.39117871871522
1979.08333333333,-13.2,-8.2557867508383,-6.2796087393739,1.3353954902122
1979.16666666667,-13.2,-8.25119264406289,-5.33423946772294,0.385432111785822
1979.25,-13.2,-8.24659853728748,-3.37180674288993,-1.5815947198226
1979.33333333333,-7.3,-8.24200443051207,1.13393143909195,-0.191927008579881
1979.41666666667,-2,-8.23741032373666,4.29194637008459,1.94546395365206
1979.5,-2.2,-8.23281621696125,7.08994331103206,-1.05712709407081
1979.58333333333,-2.4,-8.22822211018584,6.98815778346334,-1.15993567327751
1979.66666666667,-1.5,-8.220192977116,5.28391212334903,1.43628085376697
1979.75,-4.6,-8.21216384404617,2.45271555388656,1.15944829015961
1979.83333333333,-9.8,-8.20413471097634,-2.05923835496449,0.463373065940829
1979.91666666667,-12.8,-8.1961055779065,-4.25395392579587,-0.349940496297631
1980,-16.2,-8.18807644483667,-5.92612166853229,-2.08580188663104
1980.08333333333,-12.6,-8.18004731176684,-6.2569989524315,1.83704626419834
1980.16666666667,-13,-8.172018178697,-5.3214641407425,0.493482319439504
1980.25,-14.2,-8.16398904562717,-3.39444064972858,-2.64157030464425
1980.33333333333,-8.2,-8.15595991255734,1.12626314987124,-1.1703032373139
1980.41666666667,-5.4,-8.14793077948751,4.24770887413125,-1.49977809464374
1980.5,-3,-8.13990164641767,7.10443094149048,-1.96452929507281
1980.58333333333,0,-8.13187251334784,7.02071106212197,1.11116145122587
1980.66666666667,-1.5,-8.12384338027801,5.25354868500155,1.37029469527646
1980.75,-7.1,-8.118405670614,2.39795020313391,-1.37954453251991
1980.83333333333,-10.5,-8.11296796095,-2.06752842487066,-0.319503614179348
1980.91666666667,-14.7,-8.10753025128599,-4.1908035372662,-2.40166621144781
1981,-15.6,-8.10209254162199,-5.90388367658727,-1.59402378179074
1981.08333333333,-14.6,-8.09665483195798,-6.23458989946866,-0.268755268573358
1981.16666666667,-10.5,-8.09121712229398,-5.30900951852741,2.90022664082138
1981.25,-9.3,-8.08577941262997,-3.41765392957046,2.20343334220043
1981.33333333333,-6.8,-8.08034170296597,1.11775681940942,0.16258488355655
1981.41666666667,-3.1,-8.07490399330196,4.20224357244052,0.772660420861438
1981.5,-2.1,-8.06946628363796,7.11730100171526,-1.1478347180773
1981.58333333333,-0.4,-8.06402857397395,7.05120596782016,0.612822606153795
1981.66666666667,-2.9,-8.05859086430995,5.22068607096682,-0.0620952066568723
1981.75,-7.5,-8.05315315464594,2.34033934017918,-1.78718618553324
1981.83333333333,-11.2,-8.04873624658854,-2.07901034349375,-1.0722534099177
1981.91666666667,-15.7,-8.04431933853114,-4.13096699017526,-3.5247136712936
1982,-12.8,-8.03990243047375,-5.88366727790218,1.12356970837592
1982.08333333333,-13.1,-8.03548552241635,-6.20784220174411,1.14332772416046
1982.16666666667,-14.7,-8.03106861435895,-5.28655317944308,-1.38237820619797
1982.25,-10.8,-8.02665170630155,-3.42648901970087,0.653140726002422
1982.33333333333,-6.1,-8.02223479824415,1.12761084560788,0.794623952636271
1982.41666666667,-2.4,-8.01781789018675,4.18841018631478,1.42940770387197
1982.5,0.8,-8.01340098212935,7.12602233463825,1.68737864749111
1982.58333333333,-0.7,-8.00898407407196,7.0695305885922,0.239453485479761
1982.66666666667,-0.3,-8.00456716601456,5.17022130722547,2.53434585878908
1982.75,-6.4,-8.00015025795716,2.30436764234139,-0.704217384384227
1982.83333333333,-8.5,-7.99573334989976,-2.10521113202839,1.60094448192815
1982.91666666667,-12.6,-7.98890414708471,-4.13544985800803,-0.475645994907258
1983,-10.9,-7.98207494426967,-5.85926142747167,2.94133637174133
1983.08333333333,-16.5,-7.97524574145462,-6.17686710355513,-2.34788715499025
1983.16666666667,-11.3,-7.96841653863957,-5.25983149117531,1.92824802981488
1983.25,-10.7,-7.96158733582452,-3.43134730729603,0.692934643120552
1983.33333333333,-8.2,-7.95475813300948,1.14115312769342,-1.38639499468394
1983.41666666667,-2.4,-7.94792893019443,4.1777967292255,1.37013220096893
1983.5,2.7,-7.94109972737938,7.13749526974708,3.50360445763231
1983.58333333333,-0.6,-7.93427052456433,7.09008529080122,0.244185233763117
1983.66666666667,-1.6,-7.92744132174929,5.12146510417225,1.20597621757703
1983.75,-4.9,-7.92061211893424,2.2696673256537,0.750944793280542
1983.83333333333,-7.7,-7.91378291611919,-2.13057771895095,2.34436063507014
1983.91666666667,-11.2,-7.90695371330414,-4.13937049680947,0.846324210113615
1984,-15.4,-7.8983113634128,-5.83456532059059,-1.66712331599661
1984.08333333333,-16.6,-7.88966901352147,-6.14572083828639,-2.56461014819215
1984.16666666667,-15,-7.88102666363013,-5.23305772519857,-1.8859156111713
1984.25,-11.2,-7.87238431373879,-3.43617870759547,0.108563021334263
1984.33333333333,-8.9,-7.86374196384745,1.15469710666141,-2.19095514281396
1984.41666666667,-4.6,-7.85509961395611,4.16718412057744,-0.912084506621333
1984.5,-1.4,-7.84645726406477,7.1489682048559,-0.702510940791132
1984.58333333333,-1.5,-7.83781491417343,7.11063975672646,-0.772824842553023
1984.66666666667,-5,-7.8291725642821,5.07270842855147,-2.24353586426937
1984.75,-4.5,-7.82053021439076,2.23497309691733,1.08555711747342
1984.83333333333,-7.9,-7.81188786449942,-2.15593165740328,2.0678195219027
1984.91666666667,-11.5,-7.80324551460808,-4.14324150339174,0.446487017999821
1985,-18.9,-7.79460316471674,-5.80978259774139,-5.29561423754187
1985.08333333333,-12.7,-7.78371853432257,-6.11443564652762,1.19815418085019
1985.16666666667,-15.7,-7.77283390392839,-5.20609272220993,-2.72107337386168
1985.25,-10.7,-7.76194927353422,-3.44080915380903,0.502758427343248
1985.33333333333,-6.7,-7.75106464314004,1.16845175678928,-0.117387113649237
1985.41666666667,-5.1,-7.74018001274587,4.15670185523015,-1.51652184248428
1985.5,0.6,-7.72929538235169,7.16049115540639,1.1688042269453
1985.58333333333,-0.5,-7.71841075195752,7.13106024336257,0.0873505085949482
1985.66666666667,-0.2,-7.70752612156334,5.02363377891078,2.48389234265257
1985.75,-3.3,-7.69664149116917,2.19973491898137,2.1969065721878
1985.83333333333,-12.8,-7.685756860775,-2.18205552023491,-2.93218761899009
1985.91666666667,-9.4,-7.67487223038082,-4.1481217673734,2.42299399775422
1986,-17,-7.66398759998665,-5.77964669240789,-3.55636570760546
1986.08333333333,-17.6,-7.65310296959247,-6.11621402799667,-3.83068300241086
1986.16666666667,-12.9,-7.63849683597007,-5.19471523227134,-0.0667879317585935
1986.25,-11.6,-7.62389070234767,-3.43337048182774,-0.542738815824587
1986.33333333333,-4.3,-7.60928456872527,1.21720398475596,2.0920805839693
1986.41666666667,-2.7,-7.59467843510287,4.17497997810528,0.719698456997585
1986.5,-1,-7.58007230148046,7.16011010110051,-0.580037799620043
1986.58333333333,-0.7,-7.56546616785806,7.15639599078266,-0.2909298229246
1986.66666666667,-1.2,-7.55086003423566,4.96633594914446,1.3845240850912
1986.75,-4,-7.53625390061326,2.19213790058149,1.34411600003177
1986.83333333333,-7.7,-7.52164776699086,-2.22387495265545,2.04552271964631
1986.91666666667,-13.3,-7.50704163336846,-4.19076376943824,-1.60219459719331
1987,-15.1,-7.49243549974605,-5.74892065140153,-1.85864384885242
1987.08333333333,-12.8,-7.47782936612365,-6.11718629130022,0.795015657423874
1987.16666666667,-17.1,-7.46322323250125,-5.18231564167464,-4.45446112582411
1987.25,-8.7,-7.44636542582277,-3.42483682928509,2.17120225510786
1987.33333333333,-8.8,-7.42950761914429,1.26712407318729,-2.637616454043
1987.41666666667,-4.3,-7.41264981246581,4.19438098682892,-1.08173117436311
1987.5,-0.1,-7.39579200578733,7.16080695802701,0.134985047760317
1987.58333333333,-0.6,-7.37893419910885,7.18265958777407,-0.403725388665222
1987.66666666667,-0.4,-7.36207639243037,4.9098159072884,2.05226048514197
1987.75,-4.4,-7.34521858575189,2.18514022158723,0.760078364164659
1987.83333333333,-10.2,-7.32836077907341,-2.26527349417501,-0.606365726751582
1987.91666666667,-8.9,-7.31150297239493,-4.233115840487,2.64461881288193
1988,-12.8,-7.29464516571645,-5.718035639264,0.212680804980447
1988.08333333333,-15.2,-7.27778735903797,-6.11806421663934,-1.80414842432269
1988.16666666667,-15.9,-7.26092955235949,-5.16988634628023,-3.46918410136028
1988.25,-9.4,-7.24407174568101,-3.41628785054072,1.26035959622173
1988.33333333333,-4.6,-7.22813780882726,1.31704510922432,1.31109269960295
1988.41666666667,-3.8,-7.21220387197352,4.21378246935542,-0.801578597381899
1988.5,0.2,-7.19626993511977,7.16150381495352,0.234766120166254
1988.58333333333,0.7,-7.18033599826603,7.20892146494127,0.671414533324754
1988.66666666667,-2.4,-7.16440206141228,4.85329242578392,-0.0888903643716379
1988.75,-4.1,-7.14846812455854,2.17812863536925,0.870339489189292
1988.83333333333,-9.1,-7.13253418770479,-2.30669641049358,0.339230598198376
1988.91666666667,-11.9,-7.11660025085105,-4.27551665011869,-0.507883099030265
1989,-8.9,-7.1006663139973,-5.6872237294933,3.8878900434906
1989.08333333333,-12,-7.08473237714355,-6.1190755838997,1.20380796104325
1989.16666666667,-9.6,-7.06879844028981,-5.15765083236147,2.62644927265128
1989.25,-11.4,-7.05286450343606,-3.408059919365,-0.939075577198934
1989.33333333333,-4.3,-7.03693056658232,1.36651783159969,1.37041273498262
1989.41666666667,-4.2,-7.0261505237143,4.23255297547775,-1.40640245176346
1989.5,-0.4,-7.01537048084627,7.16138703273335,-0.54601655188708
1989.58333333333,-0.8,-7.00459043797825,7.23417584061439,-1.02958540263614
1989.66666666667,-2.9,-6.99381039511023,4.79556758043794,-0.701757185327709
1989.75,-4.6,-6.98303035224221,2.16977296619014,0.213257386052063
1989.83333333333,-8.8,-6.97225030937418,-2.3496061288929,0.521856438267082
1989.91666666667,-8.2,-6.96147026650616,-4.31946581896195,3.08093608546812
1990,-11,-6.95069022363814,-5.63725089100997,1.5879411146481
1990.08333333333,-9.9,-6.93991018077012,-6.14276637548581,3.18267655625593
1990.16666666667,-10.5,-6.9291301379021,-5.14659726292321,1.5757274008253
1990.25,-11.8,-6.91835009503407,-3.38908877632716,-1.49256112863877
1990.33333333333,-4.7,-6.90757005216605,1.42699073592525,0.780579316240801
1990.41666666667,-2.9,-6.89679000929803,4.28545142520741,-0.288661415909382
1990.5,0.1,-6.89219465402878,7.14708263499761,-0.154887980968831
1990.58333333333,0.4,-6.88759929875953,7.24869803895143,0.0389012598080942
1990.66666666667,-3.9,-6.88300394349027,4.72902123346953,-1.74601728997925
1990.75,-4.2,-6.87840858822102,2.15058850644621,0.527820081774816
1990.83333333333,-11.7,-6.87381323295177,-2.40607602033808,-2.42011074671015
1990.91666666667,-13.8,-6.86921787768252,-4.35244641502545,-2.57833570729203
1991,-10.9,-6.86462252241327,-5.58657065317544,1.5511931755887
1991.08333333333,-15.4,-6.86002716714402,-6.1657280171184,-2.37424481573759
1991.16666666667,-9,-6.85543181187476,-5.13479279292909,2.99022460480386
1991.25,-12.1,-6.85083645660551,-3.3694166265346,-1.87974691685988
1991.33333333333,-9.2,-6.84624110133626,1.48811475320438,-3.84187365186812
1991.41666666667,-3.5,-6.84164574606701,4.33889970808707,-0.997253962020064
1991.5,1.4,-6.83705039079776,7.13322679060829,1.10382360018946
1991.58333333333,1.7,-6.84114885316173,7.26355313019134,1.27759572297039
1991.66666666667,-0.9,-6.84524731552571,4.66269211896043,1.28255519656528
1991.75,-6.4,-6.84934577788968,2.13153926644365,-1.68219348855396
1991.83333333333,-10,-6.85344424025366,-2.46249270475982,-0.684063054986521
1991.91666666667,-11.1,-6.85754270261763,-4.38540244721188,0.142945149829514
1992,-10,-6.86164116498161,-5.53589449461021,2.39753565959182
1992.08333333333,-12.3,-6.86573962734559,-6.18869396232252,0.754433589668109
1992.16666666667,-12.6,-6.86983808970956,-5.12299285080874,-0.607169059481695
1992.25,-9.9,-6.87393655207354,-3.3497468699856,0.323683422059137
1992.33333333333,-4.3,-6.87803501443751,1.54923851187017,1.02879650256735
1992.41666666667,-3.5,-6.88213347680149,4.39234786166006,-1.01021438485857
1992.5,0.7,-6.88623193916546,7.11937094621898,0.466860992946486
1992.58333333333,2.2,-6.89033040152944,7.27840995630253,1.81192044522691
1992.66666666667,-2.5,-6.89709633689695,4.59636647419387,-0.199270137296915
1992.75,-8.1,-6.90386227226446,2.1125049305006,-3.30864265823614
1992.83333333333,-7.2,-6.91062820763197,-2.51888305080506,2.22951125843704
1992.91666666667,-9.3,-6.91739414299949,-4.41831433320066,2.03570847620014
1993,-9.6,-6.924160078367,-5.48515638202618,2.80931646039318
1993.08333333333,-12.9,-6.93092601373451,-6.2115959513855,0.242521965120013
1993.16666666667,-12.7,-6.93769194910202,-5.11112695042492,-0.651181100473063
1993.25,-9.9,-6.94445788446953,-3.33004060053446,0.374498485003993
1993.33333333333,-4.9,-6.95122381983704,1.61036933807675,0.440854481760296
1993.41666666667,-1.7,-6.95798975520455,4.44574406054735,0.812245694657203
1993.5,-1.4,-6.96475569057207,7.10540412491747,-1.5406484343454
1993.58333333333,0.3,-6.97152162593958,7.29307986285809,-0.0215582369185165
1993.66666666667,-4.3,-6.97828756130709,4.52977796722827,-1.85149040592118
1993.75,-6.8,-6.98001153209698,2.09313522076664,-1.91312368866966
1993.83333333333,-10.5,-6.98173550288687,-2.57568128223311,-0.942583214880017
1993.91666666667,-11.9,-6.98345947367676,-4.45167868239285,-0.464861843930394
1994,-13.3,-6.98518344446665,-5.45480395567971,-0.860012599853636
1994.08333333333,-14,-6.98690741525654,-6.22182688955863,-0.791265695184827
1994.16666666667,-9.1,-6.98863138604643,-5.09278036166547,2.9814117477119
1994.25,-11.5,-6.99035535683632,-3.29363409142792,-1.21601055173575
1994.33333333333,-4.8,-6.99207932762621,1.65899192345298,0.533087404173236
1994.41666666667,-2.2,-6.9938032984161,4.52245848829026,0.271344810125846
1994.5,2,-6.995527269206,7.08155458334863,1.91397268585736
1994.58333333333,1.2,-6.99725123999589,7.28293719702429,0.914314042971596
1994.66666666667,-3,-6.99897521078578,4.47624233471789,-0.477267123932116
1994.75,-5.2,-7.00069918157567,2.08254709084284,-0.281847909267174
1994.83333333333,-6.6,-7.00311252177628,-2.61814213387282,3.0212546556491
1994.91666666667,-10.2,-7.00552586197689,-4.52126493752864,1.32679079950553
1995,-15.2,-7.0079392021775,-5.42324808529631,-2.76881271252619
1995.08333333333,-11,-7.01035254237811,-6.23083696638631,2.24118950876442
1995.16666666667,-14.6,-7.01276588257872,-5.07319549425207,-2.51403862316921
1995.25,-9.6,-7.01517922277933,-3.25606895977496,0.671248182554288
1995.33333333333,-5.8,-7.01759256297994,1.7086934752681,-0.491100912288164
1995.41666666667,-3.5,-7.02000590318055,4.60012034118715,-1.0801144380066
1995.5,2.5,-7.02241924338116,7.05852092564887,2.46389831773229
1995.58333333333,-1,-7.02483258358177,7.27346449300164,-1.24863190941988
1995.66666666667,-5.5,-7.02724592378238,4.42323074196076,-2.89598481817838
1995.75,-1.7,-7.02965926398299,2.07235990855733,3.25729935542566
1995.83333333333,-10.1,-7.0320726041836,-2.66032512998921,-0.407602265827194
1995.91666666667,-12.3,-7.03501012903379,-4.59065574847644,-0.674334122489769
1996,-10.9,-7.03794765388399,-5.39157918206025,1.52952683594423
1996.08333333333,-16.4,-7.04088517873418,-6.23977844253293,-3.11933637873288
1996.16666666667,-14.3,-7.04382270358437,-5.05358645832921,-2.20259083808641
1996.25,-9.5,-7.04676022843457,-3.21849127881796,0.765251507252529
1996.33333333333,-5.6,-7.04969775328476,1.75839595718184,-0.308698203897078
1996.41666666667,-2.3,-7.05263527813496,4.67778265913335,0.0748526190016108
1996.5,-1.3,-7.05557280298515,7.03548726794911,-1.27991446496396
1996.58333333333,-1.7,-7.05851032783535,7.26399779438375,-1.9054874665484
1996.66666666667,-6,-7.06144785268554,4.37023116001313,-3.30878330732759
1996.75,-6,-7.06438537753573,2.06224483357841,-0.997859456042678
1996.83333333333,-10.8,-7.06732290238593,-2.70237592230191,-1.03030117531216
1996.91666666667,-11.6,-7.07026042723612,-4.65972683186897,0.129987259105095
1997,-10.8,-7.06945319686015,-5.35940302751733,1.62885622437748
1997.08333333333,-10.9,-7.06864596648418,-6.24786291715738,2.41650888364156
1997.16666666667,-9.9,-7.0678387361082,-5.03277067066886,2.20060940677707
1997.25,-11,-7.06703150573223,-3.17920480544674,-0.753763688821027
1997.33333333333,-5.4,-7.06622427535626,1.81030927218652,-0.144084996830268
1997.41666666667,-2.8,-7.06541704498028,4.7582065383751,-0.49278949339482
1997.5,-1.8,-7.06460981460431,7.01576589974952,-1.75115608514521
1997.58333333333,0.7,-7.06380258422833,7.2582966122608,0.505505971967529
1997.66666666667,0.8,-7.06299535385236,4.32145032155524,3.54154503229713
1997.75,-5.6,-7.06218812347639,2.05654381709468,-0.594355693618289
1997.83333333333,-9.1,-7.06138089310041,-2.73981734111398,0.701198234214398
1997.91666666667,-12.7,-7.06057366272444,-4.72439539437649,-0.915030942899071
1998,-11.8,-7.05976643234847,-5.38185391893252,0.641620351280984
1998.08333333333,-7.6,-7.0557246139932,-6.28365389071956,5.73937850471276
1998.16666666667,-11.6,-7.05168279563793,-5.0048314795175,0.456514275155434
1998.25,-11.2,-7.04764097728267,-3.11083690102725,-1.04152212169009
1998.33333333333,-4.7,-7.0435991589274,1.82374585880749,0.519853300119914
1998.41666666667,-1.7,-7.03955734057214,4.83879399780873,0.500763342763407
1998.5,-0.1,-7.03551552221687,7.0009706251571,-0.0654551029402297
1998.58333333333,1.2,-7.0314737038616,7.25260272373087,0.978870980130728
1998.66666666667,-3.7,-7.02743188550634,4.31630979039175,-0.988877904885413
1998.75,-6.9,-7.02339006715107,2.05550256076909,-1.93211249361802
1998.83333333333,-13.2,-7.0193482487958,-2.73320863916323,-3.44744311204097
1998.91666666667,-12.2,-7.01530643044054,-4.81420028171405,-0.370493287845411
1999,-12.2,-7.01126461208527,-5.40814389386778,0.219408505953049
1999.08333333333,-15.6,-7.00722279373001,-6.32303173485949,-2.2697454714105
1999.16666666667,-11.9,-7.00038797237777,-4.98022694600156,0.0806149183793288
1999.25,-10.3,-6.99355315102553,-3.04536625541121,-0.261080593563263
1999.33333333333,-3.7,-6.98671832967329,1.83472258545695,1.45199574421634
1999.41666666667,-2.8,-6.97988350832105,4.91740263929269,-0.737519130971637
1999.5,0.4,-6.97304868696881,6.98467757463685,0.388371112331962
1999.58333333333,0.4,-6.96621386561658,7.24580607810455,0.120407787512024
1999.66666666667,-1.2,-6.95937904426434,4.31046152096331,1.44891752330103
1999.75,-4.8,-6.9525442229121,2.05399885520532,0.0985453677067829
1999.83333333333,-11.2,-6.94570940155986,-2.72681709742387,-1.52747350101627
1999.91666666667,-13.3,-6.93887458020762,-4.90412435334831,-1.45700106644407
2000,-12.6,-6.93203975885538,-5.43445507718502,-0.233505163959594
2000.08333333333,-12.3,-6.92520493750314,-6.36241712823134,0.987622065734482
2000.16666666667,-11.9,-6.91837011615091,-4.95561630256746,-0.0260135812816307
2000.25,-9.1,-6.91621025426548,-2.97989228844106,0.796102542706542
2000.33333333333,-4,-6.91405039238006,1.84569984489648,1.06835054748358
2000.41666666667,-0.6,-6.91189053049464,4.99601154717169,1.31587898332296
2000.5,-2.8,-6.90973066860922,6.9683845241166,-2.85865385550738
2000.58333333333,0.7,-6.9075708067238,7.23901641264991,0.368554394073895
2000.66666666667,-1.7,-6.90541094483838,4.30462721187822,0.900783732960162
2000.75,-5.3,-6.90325108295296,2.05257969688592,-0.449328613932964
2000.83333333333,-10.7,-6.90109122106754,-2.72027042153912,-1.07863835739334
2000.91666666667,-10.7,-6.89893135918212,-4.99365728981898,1.1925886490011
2001,-12.6,-6.8967714972967,-5.4601391243205,-0.243089378382801
2001.08333333333,-13.6,-6.89461163541127,-6.4006977704715,-0.304690594117228
2001.16666666667,-10.4,-6.89245177352585,-4.92942329305176,1.42187506657762
2001.25,-11.3,-6.89029191164043,-2.91210524621939,-1.49760284214018
2001.33333333333,-2.9,-6.89239212523693,1.85972088875744,2.13267123647949
2001.41666666667,-3.3,-6.89449233883343,5.07853542901351,-1.48404309018008
2001.5,-0.1,-6.89659255242993,6.95687763710058,-0.16028508467065
2001.58333333333,1.4,-6.89869276602643,7.23782945305664,1.0608633129698
2001.66666666667,-6.5,-6.90079297962294,4.30521215101166,-3.90441917138872
2001.75,-2.1,-6.90289319321944,2.05807310841415,2.74482008480528
2001.83333333333,-9.8,-6.90499340681594,-2.70631785417765,-0.18868873900641
2001.91666666667,-14,-6.90709362041244,-5.07587550199908,-2.01703087758848
2002,-10.4,-6.90919383400894,-5.54810222562551,2.05729605963445
2002.08333333333,-11.6,-6.91129404760544,-6.46022350002964,1.77151754763508
2002.16666666667,-10.8,-6.91339426120194,-4.91935398394688,1.03274824514882
2002.25,-10.3,-6.91549447479844,-2.82882087263154,-0.555684652570024
2002.33333333333,-5.5,-6.91759468839494,1.83951623610435,-0.421921547709411
2002.41666666667,-0.1,-6.91587333733196,5.14513943471888,1.67073390261308
2002.5,-0.1,-6.91415198626898,6.96242123629605,-0.148269250027064
2002.58333333333,-0.6,-6.912430635206,7.23723453600112,-0.924803900795119
2002.66666666667,-3.7,-6.91070928414302,4.33466087860245,-1.12395159445942
2002.75,-5.5,-6.90898793308004,2.07799178531474,-0.669003852234693
2002.83333333333,-9.7,-6.90726658201706,-2.67919375590249,-0.11353966208045
2002.91666666667,-10.7,-6.90554523095408,-5.10117150782883,1.30671673878291
2003,-14.1,-6.9038238798911,-5.64298416675561,-1.55319195335329
2003.08333333333,-16,-6.90210252882812,-6.52649678295201,-2.57140068821987
2003.16666666667,-9.5,-6.90038117776514,-4.91586094174537,2.31624211951052
2003.25,-9.6,-6.89865982670216,-2.7514826551871,0.0501424818892602
2003.33333333333,-4.1,-6.89693847563918,1.8139955380678,0.982942937571378
2003.41666666667,2.2,-6.8952171245762,5.2072446704403,3.8879724541359
2003.5,1,-6.89097370119737,6.96428334090707,0.926690360290299
2003.58333333333,3,-6.88673027781854,7.23373629234832,2.65299398547022
2003.66666666667,-1.7,-6.88248685443971,4.36198444758309,0.820502406856615
2003.75,-7.3,-6.87824343106088,2.09636746432296,-2.51812403326208
2003.83333333333,-7.1,-6.87400000768205,-2.6530304948019,2.42703050248395
2003.91666666667,-11.2,-6.86975658430322,-5.12709985069629,0.796856434999509
2004,-14.5,-6.86551316092438,-5.73816994478653,-1.89631689428908
2004.08333333333,-13,-6.86126973754555,-6.59294690588736,0.454216643432913
2004.16666666667,-12.6,-6.85702631416672,-4.91241774266899,-0.830555943164286
2004.25,-9.9,-6.85278289078789,-2.67417014901949,-0.37304696019262
2004.33333333333,-6.9,-6.84853946740906,1.78847326060272,-1.83993379319366
2004.41666666667,-2.6,-6.84429604403023,5.26934911644746,-1.02505307241723
2004.5,-0.7,-6.8400526206514,6.9661454455181,-0.826092824866698
2004.58333333333,0.1,-6.83952882653106,7.23023551149125,-0.290706684960186
2004.66666666667,-1.3,-6.83900503241072,4.38930294215521,1.14970209025552
2004.75,-4.5,-6.83848123829039,2.11469891911364,0.223782319176745
2004.83333333333,-10.3,-6.83795744417005,-2.62695060772786,-0.83509194810209
2004.91666666667,-11,-6.83743365004972,-5.15324491977689,0.990678569826607
2005,-13.8,-6.83690985592938,-5.83370580121719,-1.12938434285343
2005.08333333333,-18.4,-6.83638606180904,-6.659944107558,-4.90366983063296
2005.16666666667,-12.2,-6.8358622676887,-4.90971862266345,-0.454419109647847
2005.25,-9.3,-6.83533847356837,-2.59778084844722,0.133119322015589
2005.33333333333,-4.9,-6.83481467944803,1.7618486510178,0.172966028430235
2005.41666666667,-1,-6.8342908853277,5.33027019029224,0.504020695035451
2005.5,-0.5,-6.83376709120736,6.96674313792423,-0.632976046716868
2005.58333333333,-1.6,-6.83324329708702,7.22553440762538,-1.99229111053836
2005.66666666667,-1.7,-6.83890721024936,4.41548520291462,0.723422007334739
2005.75,-2.6,-6.84457112341169,2.13208993664413,2.11248118676756
2005.83333333333,-11,-6.85023503657402,-2.60161536136151,-1.54814960206447
2005.91666666667,-14.6,-6.85589894973636,-5.17976347556285,-2.56433757470079
2006,-13.5,-6.86156286289869,-5.91270736606073,-0.725729771040577
2006.08333333333,-14.7,-6.86722677606103,-6.64956615655283,-1.18320706738614
2006.16666666667,-13.4,-6.87289068922336,-4.91704643796905,-1.61006287280759
2006.25,-9.5,-6.8785546023857,-2.570202038985,-0.0512433586293044
2006.33333333333,-5.6,-6.88421851554803,1.70163729029815,-0.417418774750116
2006.41666666667,-1,-6.88988242871036,5.36936839405346,0.520514034656907
2006.5,2.8,-6.8955463418727,6.98730635909569,2.70823998277701
2006.58333333333,-3.4,-6.90121025503503,7.22581927059621,-3.72460901556118
2006.66666666667,0.1,-6.90687416819737,4.43538841766434,2.57148575053303
2006.75,-2.3,-6.91039942210963,2.13075310097831,2.47964632113132
2006.83333333333,-7.9,-6.91392467602189,-2.59167890649875,1.60560358252064
2006.91666666667,-9.3,-6.91744992993414,-5.15644372551543,2.77389365544958
2007,-10.6,-6.9209751838464,-5.99105395673413,2.31202914058053
2007.08333333333,-10.3,-6.92450043775866,-6.6388551150431,3.26335555280177
2007.16666666667,-12.5,-6.92802569167092,-4.92436304643567,-0.647611261893404
2007.25,-5.7,-6.93155094558318,-2.5428347594048,3.77438570498798
2007.33333333333,-4.9,-6.93507619949544,1.64099166297548,0.394084536519964
2007.41666666667,-1.4,-6.9386014534077,5.40793678829761,0.130664665110096
2007.5,-1,-6.94212670731996,7.00724422783604,-1.06511752051608
2007.58333333333,-0.2,-6.94565196123222,7.22552451073802,-0.479872549505795
2007.66666666667,-4.1,-6.94917721514448,4.45475773918711,-1.60558052404263
2007.75,-4.5,-6.95270246905674,2.12898658383456,0.323715885222181
2007.83333333333,-10.2,-6.94885837705635,-2.58206792136491,-0.669073701578743
2007.91666666667,-12.6,-6.94501428505596,-5.13335828075327,-0.521627434190772
2008,-10.3,-6.94117019305557,-6.06954368824913,2.7107138813047
2008.08333333333,-9.5,-6.93732610105518,-6.6282314153027,4.06555751635788
2008.16666666667,-14.1,-6.93348200905479,-4.93171119759935,-2.23480679334587
2008.25,-11.1,-6.9296379170544,-2.51548386001614,-1.65487822292947
2008.33333333333,-4.5,-6.925793825054,1.58034481796677,0.845449007087232
2008.41666666667,-0.7,-6.92194973305361,5.44650457369874,0.775445159354874
2008.5,-0.2,-6.91810564105322,7.0271820965764,-0.309076455523178
2008.58333333333,0.6,-6.91426154905283,7.22522412314533,0.289037425907496
2008.66666666667,-3.5,-6.91041745705244,4.47411580524091,-1.06369834818847
2008.75,-4.5,-6.90657336505205,2.12715013743947,0.279423227612577
2008.83333333333,-10.9,-6.90272927305166,-2.57258553926476,-1.42468518768358
2008.91666666667,-13.4,-6.90360614476155,-5.11058571803298,-1.38580813720547
2009,-13.9,-6.90448301647145,-6.14853058081417,-0.846986402714379
2009.08333333333,-16.1,-6.90535988818134,-6.61842718822214,-2.57621292359652
2009.16666666667,-12.8,-6.90623675989124,-4.94020113303265,-0.953562107076114
2009.25,-8.9,-6.90711363160113,-2.48968805783493,0.496801689436067
2009.33333333333,-3.7,-6.90799050331103,1.51772956281279,1.69026094049824
2009.41666666667,-2.5,-6.90886737502093,5.48269500438092,-1.07382762935999
2009.5,0.2,-6.90974424673082,7.04433366602413,0.0654105807066951
2009.58333333333,2.1,-6.91062111844072,7.22181882562189,1.78880229281882
2009.66666666667,-1.2,-6.91149799015061,4.49005035072582,1.2214476394248
2009.75,-6.1,-6.91237486186051,2.12176757592309,-1.30939271406259
2009.83333333333,-8.4,-6.9132517335704,-2.56677186683831,1.08002360040871
2009.91666666667,-14.7,-6.9141286052803,-5.09127810917403,-2.69459328554567
2010,-15.7,-6.9174538011608,-6.1768277200291,-2.6057184788101
2010.08333333333,-15.2,-6.92077899704131,-6.57305142469343,-1.70616957826527
2010.16666666667,-13.5,-6.92410419292181,-4.95088806037591,-1.62500774670228
2010.25,-9.4,-6.92742938880231,-2.50252519342207,0.0299545822243807
2010.33333333333,-6.6,-6.93075458468282,1.47244019648502,-1.1416856118022
2010.41666666667,-1.3,-6.93407978056332,5.50285244906735,0.131227331495972
2010.5,1.5,-6.93740497644382,7.0499414311901,1.38746354525372
2010.58333333333,-0.8,-6.94073017232433,7.2222124452888,-1.08148227296447
2010.66666666667,-3.3,-6.94405536820483,4.49346110495456,-0.84940573674973
2010.75,-5.3,-6.94738056408533,2.12281177195362,-0.475431207868282
2010.83333333333,-11.5,-6.95070575996584,-2.56738460465112,-1.98190963538305
2010.91666666667,-15.2,-6.95403095584634,-5.08590977559841,-3.16005926855525
2011,-12.9,-6.95735615172684,-6.2023895433136,0.259745695040437
2011.08333333333,-11.9,-6.95011260576408,-6.5251161928885,1.57522879865257
2011.16666666667,-10.4,-6.94286905980131,-4.95919136709717,1.50206042689848
2011.25,-6.8,-6.93562551383855,-2.51330038329704,2.64892589713559
2011.33333333333,-4.2,-6.92838196787578,1.42889110095958,1.2994908669162
2011.41666666667,-1.5,-6.92113842191301,5.52442008665082,-0.10328166473781
2011.5,-2,-6.91389487595025,7.05662931134784,-2.14273443539759
2011.58333333333,1.4,-6.90665132998748,7.22343476656443,1.08321656342305
2011.66666666667,0.3,-6.89940778402472,4.497449147409,2.70195863661572
2011.75,-3.7,-6.89216423806195,2.12427176681678,1.06789247124517
2011.83333333333,-5.3,-6.88492069209919,-2.56774303302433,4.15266372512352
2011.91666666667,-12.4,-6.87767714613642,-5.08037348206313,-0.441949371800448
2012,-13.1,-6.87043360017366,-6.22786975611835,-0.00169664370798905
2012.08333333333,-15.9,-6.86319005421089,-6.47713335621958,-2.55967658956953
2012.16666666667,-8.9,-6.847836860404,-4.9674810745702,2.9153179349742
2012.25,-10.2,-6.83248366659711,-2.52406856657573,-0.843447766827154
2012.33333333333,-5.3,-6.81713047279022,1.38534241937846,0.131788053411764
2012.41666666667,-0.7,-6.80177727898333,5.54598793120646,0.555789347776872
2012.5,-0.3,-6.78642408517644,7.06331719150558,-0.576893106329134
2012.58333333333,1.8,-6.77107089136956,7.22465615604786,1.34641473532169
2012.66666666667,-1.6,-6.75571769756267,4.50143532627902,0.654282371283642
2012.75,-4.6,-6.74036450375578,2.12572863220607,0.0146358715497046
2012.83333333333,-7.3,-6.72501130994889,-2.56810585676089,1.99311716670977
2012.91666666667,-14.3,-6.709658116142,-5.07483530061751,-2.5155065832405
2013,-13.6,-6.69430492233511,-6.25334179773909,-0.652353279925796
2013.08333333333,-18.6,-6.67895172852822,-6.42913669776823,-5.49191157370355
2013.16666666667,-13.8,-6.66359853472133,-4.97575130966239,-2.16065015561628
2013.25,-7.8,-6.65072261265996,-2.53482187882079,1.38554449148075
2013.33333333333,-8,-6.63784669059859,1.34180400748377,-2.70395731688518
2013.41666666667,-3.2,-6.62497076853722,5.56755011841526,-2.14257934987804
2013.5,1.7,-6.61209484647585,7.06998348728321,1.24211135919264
2013.58333333333,0.7,-6.59921892441448,7.22582927536933,0.0733896490451462
2013.66666666667,-1.8,-6.58634300235311,4.50534654920524,0.28099645314787
2013.75,-4.1,-6.57346708029173,2.12708571723953,0.346381363052208
2013.83333333333,-10,-6.56059115823036,-2.5685932852653,-0.870815556504335
2013.91666666667,-9.6,-6.54771523616899,-5.06945728461454,2.01717252078354
2014,-12.3,-6.53483931410762,-6.26501442300769,0.499853737115314
2014.08333333333,-12.9,-6.52196339204625,-6.4138076671195,0.0357710591657492
2014.16666666667,-9.4,-6.50908746998488,-4.97848381219722,2.0875712821821
2014.25,-8.2,-6.49621154792351,-2.53576934113116,0.831980889054669
2014.33333333333,-6.9,-6.48748128040193,1.32047081521659,-1.73298953481466
2014.41666666667,-1.8,-6.47875101288035,5.57583650778482,-0.897085494904478
2014.5,-0.6,-6.47002074535876,7.07235798899333,-1.20233724363456
2014.58333333333,-1.5,-6.46129047783718,7.22718984910269,-2.26589937126551
2014.66666666667,-1.7,-6.4525602103156,4.50781487273216,0.244745337583437
2014.75,-3.5,-6.44382994279402,2.1277389825135,0.816090960280512
2014.83333333333,-7.2,-6.43509967527243,-2.56481784273683,1.79991751800926
2014.91666666667,-11.9,-6.42636940775085,-5.06701213965966,-0.406618452589489
2015,-13.4,-6.41763914022927,-6.27676537378323,-0.705595485987502
2015.08333333333,-14.1,-6.40890887270769,-6.39852731447296,-1.29256381281936
2015.16666666667,-10.6,-6.4001786051861,-4.9812353452295,0.781413950415602
2015.25,-8.4,-6.39144833766452,-2.53671741633002,0.528165753994542
2015.33333333333,-4.2,-6.38271807014294,1.29915542766985,0.883562642473088
2015.41666666667,-1,-6.37054083654532,5.58414672465171,-0.213605888106384
2015.5,3.5,-6.35836360294771,7.07476234097763,2.78360126197007
2015.58333333333,1.9,-6.34618636935009,7.22857360316262,1.01761276618747
2015.66666666667,-3.8,-6.33400913575248,4.51029970663803,-1.97629057088555
2015.75,-5.4,-6.32183190215486,2.12840328139411,-1.20657137923925
2015.83333333333,-7,-6.30965466855725,-2.56103684337404,1.87069151193128
2015.91666666667,-6.2,-6.29747743495963,-5.06456255257926,5.16203998753889
2016,-12.5,-6.28530020136201,-6.28851299714206,0.073813198504074
2016.08333333333,-12.7,-6.2731229677644,-6.38324469315356,-0.0436323390820448
2016.16666666667,-12.8,-6.26094573416678,-4.98398566833276,-1.55506859750045
2016.25,-9,-6.24876850056917,-2.53766485136863,-0.213566648062202
2016.33333333333,-6.3,-6.23659126697155,1.27784011051461,-1.34124884354306
2016.41666666667,-1.9,-6.22441403337394,5.59245697671434,-1.2680429433404
2016.5,1,-6.21318669727871,7.07716669296194,0.136020004316776
2016.58333333333,1.2,-6.20195936118349,7.22995722848921,0.17200213269428
2016.66666666667,-0.5,-6.19073202508827,4.51278428307721,1.17794774201105
2016.75,-5.8,-6.17950468899304,2.12906792366159,-1.74956323466855
2016.83333333333,-9.3,-6.16827735289782,-2.55725489977083,-0.574467747331353
2016.91666666667,-7.4,-6.15705001680259,-5.06210786570754,3.81915788251013
2017,-15.1,-6.14582268070737,-6.30025136515866,-2.65392595413397
2017.08333333333,-11.1,-6.13459534461215,-6.36794732107283,1.40254266568497
2017.16666666667,-8.7,-6.12336800851692,-4.98671574525561,2.41008375377253
2017.25,-9.6,-6.1121406724217,-2.5385887508681,-0.949270576710202
2017.33333333333,-4.3,-6.10091333632647,1.25655161825723,0.544361718069241
2017.41666666667,1.2,-6.08968600023125,5.60079419018803,1.68889181004322
2017.5,0.7,-6.07845866413603,7.0795981428705,-0.301139478734473
2017.58333333333,1.6,-6.07625463957966,7.2313665271992,0.444888112380456
2017.66666666667,-4.7,-6.07405061502329,4.51529310835896,-3.14124249333566
2017.75,-3.8,-6.07184659046693,2.12975672055688,0.142089869910048
2017.83333333333,-10.1,-6.06964256591056,-2.55344889575455,-1.47690853833489
2017.91666666667,-13.6,-6.06743854135419,-5.05963300365513,-2.47292845499068
2018,-11.2,-6.06523451679783,-6.3095564830644,1.17479099986223
2018.08333333333,-16.9,-6.06303049224146,-6.36082423746348,-4.47614527029506
2018.16666666667,-12.5,-6.06082646768509,-4.98762795839562,-1.45154557391928
2018.25,-5.9,-6.05862244312873,-2.53757854736847,2.69620099049719
2018.33333333333,-3.5,-6.05641841857236,1.24245233759828,1.31396608097408
2018.41666666667,-0.2,-6.05421439401599,5.60460802096671,0.249606373049286
2018.5,1.4,-6.05201036945962,7.0824881504606,0.369522218999023
2018.58333333333,2,-6.04980634490326,7.23277966773225,0.817026677171011
2018.66666666667,0.4,-6.04865895165398,4.51686272964462,1.93179622200937
2018.75,-3.5,-6.04751155840471,2.12867519690293,0.418836361501774
2018.83333333333,-8.3,-6.04636416515543,-2.55011961708792,0.296483782243357
2018.91666666667,-10.9,-6.04521677190616,-5.05549058360628,0.200707355512438
2019,-16,-6.04406937865688,-6.31883930261481,-3.63709131872831
2019.08333333333,-8.5,-6.04292198540761,-6.35367996737014,3.89660195277775
2019.16666666667,-10.8,-6.04177459215833,-4.98852009692301,0.230294689081342
2019.25,-9.9,-6.04062719890906,-2.53654963825977,-1.32282316283117
2019.33333333333,-7.6,-6.03947980565978,1.22837039354482,-2.78889058788504
2019.41666666667,1.2,-6.03833241241051,5.60843563018113,1.62989678222938
2019.5,1.6,-6.03718501916123,7.0853883783167,0.551796640844527
2019.58333333333,1.6,-6.03603762591196,7.23419769282263,0.401839933089331
2019.66666666667,-1,-6.03489023266268,4.51843189977895,0.516458332883735
2019.75,-3.4,-6.02952744821603,2.12759067588888,0.501936772327143
2019.83333333333,-11.1,-6.02416466376937,-2.54679588199018,-2.52903945424044
2019.91666666667,-9.5,-6.01880187932272,-5.05135293495802,1.57015481428073
2020,-9.1,-6.01343909487606,-6.32812612139749,3.24156521627356
2020.08333333333,-9.9,-6.00807631042941,-6.34653821971442,2.45461453014383
2020.16666666667,-10.8,-6.00271352598276,-4.98941328109336,0.192126807076116
2020.25,-6.1,-5.9973507415361,-2.53552127246347,2.43287201399957
2020.33333333333,-3.9,-5.99198795708945,1.21428840850954,0.877699548579902
2020.41666666667,-2.2,-5.98662517264279,5.61226321890464,-1.82563804626185
2020.5,1,-5.98126238819614,7.08828860617281,-0.10702621797667
2020.58333333333,1.5,-5.97589960374948,7.23561554613815,0.240284057611333
2020.66666666667,-1.3,-5.97053681930283,4.52000072636357,0.150536092939263
2020.75,-6.4,-5.96517403485618,2.12650399646687,-2.56132996161069
2020.83333333333,-5.2,-5.9571808509318,-2.54347612015866,3.30065697109046
2020.91666666667,-12.4,-5.94918766700742,-5.0472250568606,-1.40358727613198
2021,-15.7,-5.94119448308304,-6.33742850801565,-3.42137700890131
2021.08333333333,-9.7,-5.93320129915867,-6.33942294906311,2.57262424822177
2021.16666666667,-12.7,-5.92520811523429,-4.99034385143705,-1.78444803332866
2021.25,-11.6,-5.91721493130991,-2.5345458490582,-3.14823921963189
2021.33333333333,-8.3,-5.90922174738553,1.20013792486552,-3.59091617747999
2021.41666666667,0.3,-5.90122856346115,5.61600549101953,0.585223072441627
2021.5,0.5,-5.89323537953678,7.0910866994204,-0.697851319883618
2021.58333333333,-0.7,-5.8852421956124,7.236917883505,-2.0516756878926
2021.66666666667,-0.8,-5.87724901168802,4.52144065565936,0.555808356028661
2021.75,-5,-5.86925582776365,2.12528389708316,-1.25602806931952
2021.83333333333,-9.8,-5.86126264383927,-2.5402943009617,-1.39844305519903
2021.91666666667,-10.8,-5.85366115419433,-5.04322605286128,0.0968872070556097
2022,-11,-5.8460596645494,-6.3452120471254,1.1912717116748
2022.08333333333,-11.9,-5.83845817490447,-6.33117354434917,0.269631719253642
2022.16666666667,-10.5,-5.83085668525954,-4.99115487514664,0.322011560406174
2022.25,-9,-5.8232551956146,-2.53548472765727,-0.641260076728127
2022.33333333333,-2.8,-5.81565370596967,1.1885362017938,1.82711750417587
2022.41666666667,0.8,-5.80805221632474,5.6189490897568,0.989103126567943
2022.5,2.5,-5.80045072667981,7.09363378699725,1.20681693968256
2022.58333333333,1.3,-5.79284923703488,7.23803730107096,-0.145188064036081
2022.66666666667,-3.6,-5.78524774738994,4.52231601847311,-2.33706827108317
2022.75,-2,-5.77764625774501,2.1236334671658,1.65401279057921
2022.83333333333,-8.6,-5.77004476810008,-2.53856092536265,-0.291394306537273
2022.91666666667,-10.6,-5.76244327845515,-5.03887504791935,0.201318326374494
2023,-13.3,-5.75434322074178,-6.35283360149818,-1.19282317776004
2023.08333333333,-10.6,-5.74624316302842,-6.32277286338471,1.46901602641313
2023.16666666667,-10.7,-5.73814310531505,-4.99182533109215,0.0299684364072057
2023.25,-11,-5.73004304760169,-2.53630086121759,-2.73365609118072
2023.33333333333,-4.7,-5.72194298988833,1.1770394010355,-0.155096411147171
2023.41666666667,-0.3,-5.71384293217496,5.62197833395529,-0.208135401780326
2023.5,1.4,-5.7057428744616,7.09624724318313,0.00949563127847153
2023.58333333333,1,-5.69764281674823,7.23920690828247,-0.541564091534234
2023.66666666667,2.1,-5.68954275903487,4.52322539196895,3.26631736706592
2023.75,-2.6,-5.6814427013215,2.12200644146755,0.959436259853949
2023.83333333333,-11.2,-5.67334264360814,-2.53681475200746,-2.9898426043844
2023.91666666667,-10.2,-5.66524258589478,-5.03451622532768,0.499758811222454
2024,-10.8,-5.65714252818141,-6.36045231832761,1.21759484650902
2024.08333333333,-10.1,-5.64822790175225,-6.31437067138103,1.86259857313328
2024.16666666667,-10.8,-5.6393132753231,-4.99249560250257,-0.168191122174339
2024.25,-9.4,-5.63039864889394,-2.53711684089854,-1.23248451020753
2024.33333333333,-5.3,-5.62148402246478,1.16554272350084,-0.844058701036066
2024.41666666667,-1.1,-5.61256939603562,5.62500822058152,-1.1124388245459
2024.5,2.3,-5.60365476960646,7.09886186100083,0.804792908605634
2024.58333333333,3.2,-5.5947401431773,7.24037945757903,1.55436068559828
2024.66666666667,-3.6,-5.58582551674814,4.52413948800306,-2.53831397125492
2024.75,-3.5,-5.57691089031899,2.12038701248246,-0.0434761221634776
2024.83333333333,-6.7,-5.56799626388983,-2.53505810776423,1.40305437165406
2024.91666666667,-11,-5.55908163746067,-5.03014458484876,-0.410773777690566
2025,-11.4,-5.55016701103151,-6.36805587027059,0.5182228813021
2025.08333333333,-10.7,-5.54125238460235,-6.3059536909545,1.14720607555685
2025.16666666667,-10.3,-5.53173118400408,-4.99315146195374,0.224882645957823
2025.25,-6.9,-5.52220998340581,-2.53791928270718,1.160129266113
2025.33333333333,-5.5,-5.51268878280754,1.15405870975155,-1.14136992694401
2025.41666666667,2.6,-5.50316758220927,5.62804854814543,2.47511903406384
2025.5,-0.4,-5.493646381611,7.10148469690855,-2.00783831529755
