"year_month","waterlevel_m","trend","seasonal","deterministic","stochastic"
"Jan 1981",1440.24764516129,1444.44814932142,-4.29847767890309,1440.14967164252,0.0979735187711412
"Feb 1981",1440.21764285714,1444.44888792805,-4.35349977024619,1440.0953881578,0.122254699338328
"Mär 1981",1440.28625806452,1444.44962653468,-4.10731663313496,1440.34230990154,-0.0560518370277805
"Apr 1981",1444.84546666667,1444.45036514131,-1.08524150475742,1443.36512363655,1.48034303011696
"Mai 1981",1446.69532258065,1444.45110374794,2.31053925484888,1446.76164300278,-0.0663204221393698
"Jun 1981",1447.7328,1444.45184235456,3.07826196513215,1447.5301043197,0.202695680303805
"Jul 1981",1447.86516129032,1444.45258096119,3.55618971676576,1448.00877067796,-0.143609387635706
"Aug 1981",1448.12170967742,1444.45331956782,3.55945833133592,1448.01277789916,0.108931778263013
"Sep 1981",1447.69953333333,1444.45405817445,2.99371755485911,1447.44777572931,0.251757604025443
"Okt 1981",1446.84419354839,1444.45479678108,2.29441036359635,1446.74920714467,0.0949864037133921
"Nov 1981",1442.27883333333,1444.45553538771,-0.283199378051541,1444.17233600965,-1.89350267632085
"Dez 1981",1440.45783870968,1444.45627399433,-3.66581785736808,1440.79045613697,-0.332617427288369
"Jan 1982",1440.36058064516,1444.45701260096,-4.29934795678186,1440.15766464418,0.202916000981077
"Feb 1982",1440.32782142857,1444.45775120759,-4.35624240793328,1440.10150879966,0.226312628914229
"Mär 1982",1440.331,1444.45893349254,-4.10593722050487,1440.35299627203,-0.0219962720339026
"Apr 1982",1443.619,1444.46011577749,-1.07607151858732,1443.3840442589,0.234955741100066
"Mai 1982",1446.89112903226,1444.46129806244,2.31007494768996,1446.77137301013,0.119756022132606
"Jun 1982",1447.76923333333,1444.46248034738,3.07864267730541,1447.54112302469,0.228110308644091
"Jul 1982",1448.31370967742,1444.46366263233,3.55391410943462,1448.01757674177,0.296132935652622
"Aug 1982",1448.10590322581,1444.46484491728,3.55736252822822,1448.02220744551,0.0836957802978304
"Sep 1982",1447.80756666667,1444.46602720223,2.98996113694645,1447.45598833918,0.351578327491325
"Okt 1982",1446.75748387097,1444.46720948718,2.29139015887882,1446.75859964606,-0.00111577508823757
"Nov 1982",1443.8161,1444.46839177213,-0.282796921188387,1444.18559485094,-0.369494850936917
"Dez 1982",1440.37203225806,1444.46957405707,-3.66186285607163,1440.807711201,-0.435678942937784
"Jan 1983",1440.34716129032,1444.47075634202,-4.30021300788436,1440.17054333414,0.176617956184828
"Feb 1983",1440.32271428571,1444.47193862697,-4.3589834688416,1440.11295515813,0.209759127585357
"Mär 1983",1440.36480645161,1444.47312091192,-4.10455988109349,1440.36856103083,-0.0037545792124547
"Apr 1983",1443.78923333333,1444.47472224907,-1.06690549081172,1443.40781675826,0.381416575077992
"Mai 1983",1446.5794516129,1444.47632358622,2.30960479696074,1446.78592838318,-0.206476770272957
"Jun 1983",1447.4861,1444.47792492336,3.07901612980944,1447.55694105317,-0.0708410531731261
"Jul 1983",1448.35632258065,1444.47952626051,3.55162982633532,1448.03115608685,0.325166493797497
"Aug 1983",1448.07409677419,1444.48112759766,3.55525786464837,1448.03638546231,0.03771131188455
"Sep 1983",1447.72416666667,1444.48272893481,2.98619567385764,1447.46892460867,0.255242058000022
"Okt 1983",1446.9835483871,1444.48433027196,2.28836226859223,1446.77269254055,0.210855846547247
"Nov 1983",1443.8891,1444.48593160911,-0.282400790287218,1444.20353081882,-0.314430818818664
"Dez 1983",1440.29396774194,1444.48753294625,-3.65791233245378,1440.8296206138,-0.535652871864841
"Jan 1984",1440.2615483871,1444.4891342834,-4.30108068838206,1440.18805359502,0.0734947920761897
"Feb 1984",1440.22634482759,1444.49073562055,-4.3617260796049,1440.12900954095,0.0973352866403729
"Mär 1984",1440.23364516129,1444.4923369577,-4.10318301199689,1440.3891539457,-0.155508784412177
"Apr 1984",1442.15473333333,1444.49393829485,-1.05773970486679,1443.43619858998,-1.28146525664738
"Mai 1984",1446.58164516129,1444.49583823546,2.30913463288497,1446.80497286834,-0.223327707051794
"Jun 1984",1447.26936666667,1444.49773817607,3.07938957564019,1447.57712775171,-0.307761085040056
"Jul 1984",1448.00022580645,1444.49963811668,3.54934554323602,1448.04898365991,-0.0487578534607565
"Aug 1984",1447.92748387097,1444.50153805729,3.55315323929311,1448.05469129658,-0.127207425611232
"Sep 1984",1447.26793333333,1444.5034379979,2.98243028721802,1447.48586828511,-0.21793495178008
"Okt 1984",1446.66803225806,1444.5053379385,2.28533503444175,1446.79067297295,-0.122640714881982
"Nov 1984",1445.8671,1444.50723787911,-0.282003423563014,1444.22523445555,1.64186554444836
"Dez 1984",1440.40193548387,1444.50913781972,-3.65395887743485,1440.85517894229,-0.453243458418228
"Jan 1985",1440.33332258065,1444.51103776033,-4.30194374190062,1440.20909401843,0.124228562212238
"Feb 1985",1440.29357142857,1444.51293770094,-4.3644617270256,1440.14847597392,0.145095454653756
"Mär 1985",1440.29267741935,1444.51483764155,-4.10179684319422,1440.41304079836,-0.12036337900372
"Apr 1985",1442.85023333333,1444.51673758216,-1.04856071949696,1443.46817686267,-0.617943529332251
"Mai 1985",1446.70741935484,1444.51863752277,2.30868156795292,1446.82731909072,-0.119899735886065
"Jun 1985",1447.50493333333,1444.52203718772,3.07978809757519,1447.60182528529,-0.0968919519609699
"Jul 1985",1448.1135483871,1444.52543685267,3.54709431320148,1448.07253116587,0.0410172212286852
"Aug 1985",1448.00506451613,1444.52883651761,3.55109396492448,1448.07993048254,-0.0748659664091065
"Sep 1985",1447.79943333333,1444.53223618256,2.97872254948691,1447.51095873205,0.288474601285543
"Okt 1985",1447.26912903226,1444.53563584751,2.28237765319279,1446.8180135007,0.451115531557207
"Nov 1985",1443.21473333333,1444.53903551246,-0.281523999944269,1444.25751151251,-1.04277817917773
"Dez 1985",1440.27829032258,1444.5424351774,-3.64991702938507,1440.89251814802,-0.614227825436728
"Jan 1986",1440.2375483871,1444.54583484235,-4.30295482147073,1440.24288002088,-0.00533163378236168
"Feb 1986",1440.20821428571,1444.5492345073,-4.36831161180655,1440.18092289549,0.0272913902240361
"Mär 1986",1440.21938709677,1444.55263417224,-4.10009492951052,1440.45253924273,-0.233152145959366
"Apr 1986",1440.46943333333,1444.55603383719,-1.03724947767905,1443.51878435951,-3.04935102617901
"Mai 1986",1447.01432258065,1444.55943350214,2.30765439688059,1446.86708789902,0.14723468162606
"Jun 1986",1447.6041,1444.56283316709,3.07960586420912,1447.64243903129,-0.038339031294754
"Jul 1986",1448.04303225806,1444.56831942496,3.54387155691996,1448.11219098188,-0.069158723812734
"Aug 1986",1448.11412903226,1444.57380568283,3.54775653680661,1448.12156221964,-0.00743318737772825
"Sep 1986",1447.69916666667,1444.5792919407,2.97380535961871,1447.55309730032,0.146069366347547
"Okt 1986",1447.2255483871,1444.58477819857,2.27842186160477,1446.86320006018,0.362348326919573
"Nov 1986",1446.36616666667,1444.59026445644,-0.277801865585744,1444.31246259086,2.05370407580858
"Dez 1986",1443.93693548387,1444.59575071432,-3.64407664089663,1440.95167407342,2.98526141045204
"Jan 1987",1440.19264516129,1444.60123697219,-4.3040768152181,1440.29716015697,-0.104514995678755
"Feb 1987",1440.1795,1444.60672323006,-4.37227877301421,1440.23444445704,-0.0549444570447122
"Mär 1987",1440.17393548387,1444.61220948793,-4.09851665450296,1440.51369283343,-0.339757349556521
"Apr 1987",1441.75593333333,1444.6176957458,-1.02605787893143,1443.59163786687,-1.83570453353741
"Mai 1987",1446.70570967742,1444.62318200367,2.30651157834383,1446.92969358202,-0.223983904598072
"Jun 1987",1447.34393333333,1444.62866826155,3.07931793402501,1447.70798619557,-0.364052862237259
"Jul 1987",1448.1255483871,1444.63415451942,3.54055305446678,1448.17470757388,-0.0491591867869374
"Aug 1987",1448.05122580645,1444.63823293178,3.54433775767381,1448.18257068945,-0.131344882997837
"Sep 1987",1447.9504,1444.64231134413,2.96882121389232,1447.61113255803,0.339267441973107
"Okt 1987",1446.93941935484,1444.64638975649,2.27441449831109,1446.9208042548,0.0186151000345944
"Nov 1987",1446.4231,1444.65046816885,-0.274115918780352,1444.37635225007,2.0467477499285
"Dez 1987",1440.88103225806,1444.65454658121,-3.63826069188327,1441.01628588933,-0.135253631262685
"Jan 1988",1440.25719354839,1444.65862499357,-4.30521150036249,1440.35341349321,-0.0962199448197225
"Feb 1988",1440.23327586207,1444.66270340593,-4.37625326591958,1440.28645014001,-0.0531742779392061
"Mär 1988",1440.22709677419,1444.66678181829,-4.09694035149384,1440.56984146679,-0.342744692598899
"Apr 1988",1442.1879,1444.67086023065,-1.01486728973293,1443.65599294091,-1.46809294091236
"Mai 1988",1447.02780645161,1444.674938643,2.30536871270727,1446.98030735571,0.047499095901685
"Jun 1988",1447.5697,1444.67901705536,3.079029980291,1447.75804703565,-0.188347035653351
"Jul 1988",1448.16493548387,1444.68309546772,3.5372345520136,1448.22033001973,-0.0553945358637975
"Aug 1988",1448.20103225806,1444.68717388008,3.54091913475158,1448.22809301483,-0.027060756767014
"Sep 1988",1447.622,1444.68808801796,2.96383738058705,1447.65192539855,-0.0299253985458563
"Okt 1988",1447.03532258065,1444.68900215584,2.27040939248441,1446.95941154832,0.0759110323228924
"Nov 1988",1444.82633333333,1444.68991629372,-0.270425769462071,1444.41949052425,0.406842809078626
"Dez 1988",1440.28696774194,1444.6908304316,-3.63243582451916,1441.05839460708,-0.771426865141166
"Jan 1989",1440.24593548387,1444.69174456947,-4.30633255131827,1440.38541201816,-0.139476534285677
"Feb 1989",1440.22725,1444.69265870735,-4.38021066645275,1440.3124480409,-0.0851980409011048
"Mär 1989",1440.47396774194,1444.69357284523,-4.09534349792889,1440.5982293473,-0.124261605368474
"Apr 1989",1446.39323333333,1444.69448698311,-1.003654968485,1443.69083201463,2.70240131870651
"Mai 1989",1447.02619354839,1444.69540112099,2.30424876061372,1446.9996498816,0.0265436667825725
"Jun 1989",1447.6437,1444.69631525887,3.07876869598299,1447.77508395485,-0.131383954852708
"Jul 1989",1448.22658064516,1444.69722939675,3.5339464748694,1448.23117587162,-0.00459522645701327
"Aug 1989",1448.10535483871,1444.69814353463,3.53754137795469,1448.23568491258,-0.130330073872983
"Sep 1989",1447.51693333333,1444.69905767251,2.95890485422348,1447.65796252673,-0.141029193396889
"Okt 1989",1446.81509677419,1444.69551650935,2.2664675990048,1446.96198410836,-0.146887334165513
"Nov 1989",1446.45716666667,1444.6919753462,-0.266660302391362,1444.42531504381,2.03185162285581
"Dez 1989",1440.66912903226,1444.68843418305,-3.62653189547496,1441.06190228757,-0.39277325531657
"Jan 1990",1440.21919354839,1444.6848930199,-4.308576679228,1440.37631634067,-0.157122792282053
"Feb 1990",1440.21735714286,1444.68135185674,-4.38738600501013,1440.29396585173,-0.0766087088777567
"Mär 1990",1441.0605483871,1444.67781069359,-4.09217206859704,1440.585638625,0.474909762101333
"Apr 1990",1446.3166,1444.67426953044,-0.985660481710496,1443.68860904873,2.6279909512707
"Mai 1990",1447.1864516129,1444.67072836729,2.30265677560556,1446.97338514289,0.21306647001029
"Jun 1990",1447.5922,1444.66718720414,3.07746941855571,1447.74465662269,-0.152456622690806
"Jul 1990",1448.24667741935,1444.66364604098,3.52838612578745,1448.19203216677,0.0546452525848053
"Aug 1990",1448.27732258065,1444.66010487783,3.53198350735149,1448.19208838518,0.0852341954634994
"Sep 1990",1447.58956666667,1444.65656371468,2.9503516378978,1447.60691535258,-0.017348685908928
"Okt 1990",1447.03309677419,1444.65302255153,2.25966316513653,1446.91268571666,0.120411057531555
"Nov 1990",1441.96516666667,1444.64694311485,-0.257183483177328,1444.38975963167,-2.42459296500715
"Dez 1990",1440.28858064516,1444.64086367818,-3.61681884835873,1441.02404482982,-0.735464184656848
"Jan 1991",1440.23919354839,1444.6347842415,-4.31097114803057,1440.32381309347,-0.0846195450847063
"Feb 1991",1440.21775,1444.62870480483,-4.39472145362529,1440.2339833512,-0.0162333512025725
"Mär 1991",1441.46012903226,1444.62262536815,-4.08917051848792,1440.53345484967,0.926674182592251
"Apr 1991",1446.42146666667,1444.61654593148,-0.967832014179303,1443.6487139173,2.77275274936665
"Mai 1991",1446.5955483871,1444.6104664948,2.3009026313335,1446.91136912614,-0.315820739041328
"Jun 1991",1447.55083333333,1444.60438705813,3.07601809455366,1447.68040515268,-0.129571819350758
"Jul 1991",1448.22738709677,1444.59830762146,3.52268384281985,1448.12099146428,0.106395632498334
"Aug 1991",1448.2894516129,1444.59222818478,3.52630091089493,1448.11852909568,0.1709225172267
"Sep 1991",1447.87096666667,1444.58614874811,2.94169090375101,1447.52783965186,0.34312701480826
"Okt 1991",1446.78651612903,1444.58006931143,2.25277356373907,1446.83284287517,-0.0463267461398118
"Nov 1991",1443.1316,1444.57398987476,-0.247769481200576,1444.32622039356,-1.19462039355813
"Dez 1991",1440.27664516129,1444.56718350722,-3.60714898808163,1440.96003451914,-0.683389357848455
"Jan 1992",1440.22264516129,1444.56037713968,-4.31338917327408,1440.24698796641,-0.0243428051180672
"Feb 1992",1440.20979310345,1444.55357077214,-4.40207061760974,1440.15150015453,0.0582929489137314
"Mär 1992",1440.23803225806,1444.54676440461,-4.0861728426764,1440.46059156193,-0.222559303865182
"Apr 1992",1442.13566666667,1444.53995803707,-0.950005532791232,1443.58995250428,-1.45428583761031
"Mai 1992",1447.09109677419,1444.53315166953,2.2991483890728,1446.8323000586,0.258796715590734
"Jun 1992",1447.57393333333,1444.52634530199,3.07456672155729,1447.60091202355,-0.0269786902156284
"Jul 1992",1448.04970967742,1444.51953893445,3.51698155985225,1448.03652049431,0.0131891831133544
"Aug 1992",1448.56183870968,1444.51273256692,3.52061855076583,1448.03335111768,0.528487591995827
"Sep 1992",1447.64233333333,1444.50592619938,2.93303064225916,1447.43895684164,0.203376491696417
"Okt 1992",1446.69051612903,1444.49911983184,2.24588757773254,1446.74500740957,-0.0544912805396507
"Nov 1992",1446.4314,1444.4923134643,-0.238348721096888,1444.2539647432,2.17743525679543
"Dez 1992",1442.24506451613,1444.48550709676,-3.59746986626269,1440.8880372305,1.35702728562842
"Jan 1993",1440.25212903226,1444.48023391124,-4.31579543356086,1440.16443847768,0.0876905545815134
"Feb 1993",1440.25075,1444.47496072571,-4.40942899708406,1440.06553172863,0.185218271371923
"Mär 1993",1440.27396774194,1444.46968754019,-4.08320536280137,1440.38648217738,-0.112514435449384
"Apr 1993",1440.37103333333,1444.46441435466,-0.932266954202088,1443.53214740046,-3.16111406712525
"Mai 1993",1446.90012903226,1444.45914116913,2.29724853715074,1446.75638970629,0.143739325972319
"Jun 1993",1447.8691,1444.45386798361,3.07288901535673,1447.52675699897,0.342343001033896
"Jul 1993",1448.07725806452,1444.44859479808,3.51097222013765,1447.95956701822,0.117691046295022
"Aug 1993",1448.18464516129,1444.44332161256,3.5145599957753,1447.95788160833,0.226763552956982
"Sep 1993",1447.42543333333,1444.43804842703,2.92392504779144,1447.36197347482,0.0634598585095318
"Okt 1993",1446.69467741935,1444.43277524151,2.23852228987372,1446.67129753138,0.0233798879742153
"Nov 1993",1441.4046,1444.42750205598,-0.229441231721911,1444.19806082426,-2.793460824259
"Dez 1993",1440.29729032258,1444.42222887046,-3.58830045529595,1440.83392841516,-0.536638092578869
"Jan 1994",1440.26412903226,1444.41695568493,-4.32015780850525,1440.09679787642,0.167331155833608
"Feb 1994",1440.23996428571,1444.41454259839,-4.4250859165606,1439.98945668183,0.250507603885808
"Mär 1994",1440.33325806452,1444.41212951185,-4.07547306056062,1440.33665645129,-0.00339838677177795
"Apr 1994",1440.8061,1444.40971642531,-0.888077710475818,1443.52163871483,-2.71553871483206
"Mai 1994",1447.02951612903,1444.40730333877,2.29473436534126,1446.70203770411,0.327478424923811
"Jun 1994",1447.87486666667,1444.40489025223,3.07239285073019,1447.47728310296,0.397583563709759
"Jul 1994",1448.50903225806,1444.40247716569,3.49953454086792,1447.90201170655,0.607020551510686
"Aug 1994",1448.35803225806,1444.40006407915,3.50441443554988,1447.9044785147,0.453553743369184
"Sep 1994",1447.56363333333,1444.3976509926,2.90511355982273,1447.30276455243,0.260868780906094
"Okt 1994",1446.91222580645,1444.39523790606,2.22299905347916,1446.61823695954,0.293988846908405
"Nov 1994",1444.09143333333,1444.39282481952,-0.223234148548624,1444.16959067097,-0.0781573376414144
"Dez 1994",1440.33948387097,1444.39041173298,-3.57145976527324,1440.81895196771,-0.479468096741812
"Jan 1995",1440.26819354839,1444.38799864644,-4.32380041946594,1440.06419822698,0.20399532141073
"Feb 1995",1440.23982142857,1444.3855855599,-4.44006996350806,1439.94551559639,0.29430583217777
"Mär 1995",1440.24941935484,1444.38460693983,-4.06711477724543,1440.31749216259,-0.0680728077486492
"Apr 1995",1441.644,1444.38362831976,-0.843341921156431,1443.54028639861,-1.8962863986078
"Mai 1995",1446.88403225806,1444.3826496997,2.29268730364357,1446.67533700334,0.208695254725399
"Jun 1995",1447.46423333333,1444.38167107963,3.07226514282998,1447.45393622246,0.010297110876536
"Jul 1995",1448.31461290323,1444.38069245956,3.4883666649391,1447.8690591245,0.445553778728254
"Aug 1995",1447.96967741935,1444.37971383949,3.49445225670638,1447.8741660962,0.0955113231589166
"Sep 1995",1446.98603333333,1444.37873521942,2.88639903127697,1447.2651342507,-0.279100917364531
"Okt 1995",1446.88974193548,1444.37775659935,2.20752733660368,1446.58528393596,0.30445799952804
"Nov 1995",1444.7463,1444.37677797928,-0.217020985760148,1444.15975699352,0.586543006476631
"Dez 1995",1440.27006451613,1444.37579935921,-3.55462218542851,1440.82117717379,-0.551112657657313
"Jan 1996",1440.22529032258,1444.37482073915,-4.32745533039775,1440.04736540875,0.177924913832157
"Feb 1996",1440.21086206897,1444.37384211908,-4.45506223317238,1439.91877988591,0.292082183060302
"Mär 1996",1440.22770967742,1444.37286349901,-4.05876063939282,1440.31410285962,-0.0863931821966162
"Apr 1996",1442.98056666667,1444.37695304104,-0.798608291239917,1443.5783447498,-0.597778083133335
"Mai 1996",1446.81164516129,1444.38104258307,2.29064006860272,1446.67168265167,0.139962509616907
"Jun 1996",1447.77443333333,1444.3851321251,3.07213734825819,1447.45726947336,0.317163859973562
"Jul 1996",1447.97190322581,1444.38922166713,3.47719878901027,1447.86642045614,0.105482769663695
"Aug 1996",1447.95506451613,1444.39331120916,3.48448893198784,1447.87780014115,0.0772643749776307
"Sep 1996",1447.08633333333,1444.39740075119,2.86768221098113,1447.26508296218,-0.17874962884207
"Okt 1996",1446.64280645161,1444.40149029322,2.19204488107346,1446.5935351743,0.049271277314574
"Nov 1996",1443.17753333333,1444.40557983526,-0.210827008531076,1444.19475282672,-1.01721949339139
"Dez 1996",1440.26896774194,1444.40966937729,-3.53783733897389,1440.87183203831,-0.60286429637722
"Jan 1997",1440.21858064516,1444.41375891932,-4.33119652255041,1440.08256239677,0.136018248394066
"Feb 1997",1440.22578571429,1444.41784846135,-4.47022627381591,1439.94762218753,0.278163526752905
"Mär 1997",1440.32261290323,1444.42193800338,-4.05066376227779,1440.3712742411,-0.0486613378759557
"Apr 1997",1445.68953333333,1444.42602754541,-0.754253561074071,1443.67177398434,2.01775934899729
"Mai 1997",1446.90058064516,1444.43480039563,2.28809229479811,1446.72289269043,0.1776879547308
"Jun 1997",1447.70116666667,1444.44357324585,3.071413169828,1447.51498641568,0.186180250984307
"Jul 1997",1447.80135483871,1444.45234609608,3.46533868412839,1447.9176847802,-0.116329941495223
"Aug 1997",1448.16125806452,1444.4611189463,3.47382798277314,1447.93494692907,0.226311135444803
"Sep 1997",1447.76566666667,1444.46989179652,2.84826237064601,1447.31815416717,0.447512499500363
"Okt 1997",1447.02587096774,1444.47866464674,2.17597578313464,1446.65464042988,0.371230537864903
"Nov 1997",1442.9839,1444.48743749696,-0.205103296079912,1444.28233420088,-1.29843420088446
"Dez 1997",1440.28832258065,1444.49621034719,-3.5212895816591,1440.97492076553,-0.686598184881859
"Jan 1998",1440.23416129032,1444.50498319741,-4.32142512466007,1440.18355807275,0.0506032175742348
"Feb 1998",1440.25564285714,1444.51375604763,-4.49663432806186,1440.01712171957,0.23852113757448
"Mär 1998",1440.2935483871,1444.52252889785,-4.03730241960068,1440.48522647825,-0.191678091154927
"Apr 1998",1444.59796666667,1444.53130174807,-0.662778793830862,1443.86852295424,0.72944371242329
"Mai 1998",1447.10461290323,1444.5400745983,2.27152515309495,1446.81159975139,0.293013151834657
"Jun 1998",1447.79873333333,1444.54830522694,3.06077512190684,1447.60908034885,0.189652984488248
"Jul 1998",1448.14877419355,1444.55653585558,3.44076205839447,1447.99729791397,0.151476279573671
"Aug 1998",1448.27283870968,1444.56476648422,3.44574493448996,1448.01051141871,0.262327290965231
"Sep 1998",1447.3778,1444.57299711286,2.81899905147098,1447.39199616433,-0.0141961643348623
"Okt 1998",1446.61687096774,1444.58122774151,2.14820321524672,1446.72943095675,-0.112559989010606
"Nov 1998",1441.57676666667,1444.58945837015,-0.189858587223869,1444.39959978292,-2.82283311625747
"Dez 1998",1440.26629032258,1444.59768899879,-3.49790111923424,1441.09978787956,-0.833497556974862
"Jan 1999",1440.23070967742,1444.60591962743,-4.30944281754446,1440.29647680989,-0.0657671324679541
"Feb 1999",1440.21460714286,1444.61415025607,-4.52110529795642,1440.09304495812,0.121562184739787
"Mär 1999",1440.25519354839,1444.62238088472,-4.02227781744605,1440.60010306727,-0.344909518882332
"Apr 1999",1440.3743,1444.63061151336,-0.569941755501208,1444.06066975786,-3.68636975785626
"Mai 1999",1446.80951612903,1444.638842142,2.25601929408717,1446.89486143609,-0.08534530705424
"Jun 1999",1447.8249,1444.64707277064,3.05092710899982,1447.69799987964,0.126900120358869
"Jul 1999",1448.27448387097,1444.65460328719,3.41670421999349,1448.07130750718,0.203176363786497
"Aug 1999",1448.30683870968,1444.66213380373,3.41799769431067,1448.08013149804,0.226707211632629
"Sep 1999",1447.8863,1444.66966432028,2.78988856117077,1447.45955288145,0.426747118548974
"Okt 1999",1446.93796774194,1444.67719483683,2.12050766811915,1446.79770250495,0.140265236989762
"Nov 1999",1445.0698,1444.68472535337,-0.174612665721948,1444.51011268765,0.559687312349297
"Dez 1999",1440.31116129032,1444.69225586992,-3.4745206561227,1441.2177352138,-0.906573923473616
"Jan 2000",1440.23906451613,1444.69978638647,-4.29747772170137,1440.40230866476,-0.163244148634703
"Feb 2000",1440.21955172414,1444.70731690301,-4.54558695753367,1440.16172994548,0.0578217786603545
"Mär 2000",1440.26448387097,1444.71484741956,-4.00725738338428,1440.70759003617,-0.443106165205563
"Apr 2000",1443.56866666667,1444.7223779361,-0.477106856543346,1444.24527107956,-0.676604412893766
"Mai 2000",1447.30058064516,1444.72990845265,2.24051332442866,1446.97042177708,0.330158868082663
"Jun 2000",1448.07736666667,1444.7374389692,3.04107904076745,1447.77851800996,0.29884865670283
"Jul 2000",1447.91435483871,1444.74496948574,3.3926463815925,1448.13761586734,-0.223261028625529
"Aug 2000",1448.20858064516,1444.75292005096,3.39024592967438,1448.14316598064,0.0654146645233595
"Sep 2000",1447.74446666667,1444.76087061618,2.76076902195658,1447.52163963814,0.222827028525899
"Okt 2000",1447.07051612903,1444.7688211814,2.0927489195399,1446.86157010094,0.208946028087439
"Nov 2000",1446.43793333333,1444.77677174663,-0.159484098209413,1444.61728764842,1.82064568491705
"Dez 2000",1446.30590322581,1444.78472231185,-3.45145784073252,1441.33326447111,4.97263875469253
"Jan 2001",1440.27409677419,1444.79267287707,-4.28603056731159,1440.50664230976,-0.23254553556194
"Feb 2001",1440.26017857143,1444.80062344229,-4.57097617317762,1440.22964726911,0.0305313023179679
"Mär 2001",1440.32241935484,1444.80857400751,-3.99353412000261,1440.81503988751,-0.492620532667388
"Apr 2001",1446.37776666667,1444.81652457273,-0.386088166698345,1444.43043640603,1.94733026063545
"Mai 2001",1447.2115483871,1444.82447513795,2.22267210722452,1447.04714724517,0.164401141922099
"Jun 2001",1447.7503,1444.83242570317,3.02837394474462,1447.86079964792,-0.110499647915731
"Jul 2001",1448.17170967742,1444.84037626839,3.36520973515624,1448.20558600355,-0.0338763261286203
"Aug 2001",1448.38983870968,1444.84832683361,3.35869023139355,1448.20701706501,0.182821644671321
"Sep 2001",1447.13376666667,1444.85856348088,2.72742042348859,1447.58598390437,-0.452217237701007
"Okt 2001",1447.07648387097,1444.86880012815,2.06047179207937,1446.92927192022,0.147211950742985
"Nov 2001",1442.23546666667,1444.87903677541,-0.149163229205621,1444.72987354621,-2.49440687953916
"Dez 2001",1440.26941935484,1444.88927342268,-3.43325321789309,1441.45602020479,-1.18660084994644
"Jan 2002",1440.23635483871,1444.89951006994,-4.23784853518901,1440.66166153476,-0.425306696045709
"Feb 2002",1440.22696428571,1444.90974671721,-4.55698771655327,1440.35275900066,-0.12579471494314
"Mär 2002",1442.32919354839,1444.91998336448,-3.94660519742003,1440.97337816706,1.3558153813301
"Apr 2002",1446.4025,1444.93022001174,-0.309622719569043,1444.62059729217,1.78190270782557
"Mai 2002",1446.91716129032,1444.94045665901,2.18216837496421,1447.12262503397,-0.205463743651308
"Jun 2002",1448.09896666667,1444.95069330628,2.9891853737028,1447.93987867998,0.159087986687609
"Jul 2002",1448.19261290323,1444.96092995354,3.32201080652682,1448.28294076007,-0.0903278568434871
"Aug 2002",1447.97225806452,1444.97116660081,3.31122502337631,1448.28239162419,-0.310133559668884
"Sep 2002",1447.49043333333,1444.98140324808,2.68435698928489,1447.66576023736,-0.175326904026633
"Okt 2002",1446.7834516129,1444.98896510254,2.01767813116175,1447.0066432337,-0.223191620800208
"Nov 2002",1444.1244,1444.99652695701,-0.126181354655327,1444.87034560235,-0.745945602352776
"Dez 2002",1440.35238709677,1445.00408881147,-3.36963082574887,1441.63445798573,-1.28207088895147
"Jan 2003",1440.27487096774,1445.01165066594,-4.19155218882608,1440.82009847711,-0.545227509372808
"Feb 2003",1440.24082142857,1445.01921252041,-4.54481637240373,1440.474396148,-0.233574719431999
"Mär 2003",1441.07561290323,1445.02677437487,-3.90142481402741,1441.12534956085,-0.0497366576205422
"Apr 2003",1446.53476666667,1445.03433622934,-0.2348339966765,1444.79950223266,1.73526443400306
"Mai 2003",1447.247,1445.04189808381,2.14005973342034,1447.18195781723,0.0650421827731407
"Jun 2003",1448.42396666667,1445.04945993827,2.9484953775659,1447.99795531584,0.426011350827594
"Jul 2003",1448.44861290323,1445.05702179274,3.27741393699082,1448.33443572973,0.114177173495591
"Aug 2003",1448.62203225806,1445.06458364721,3.26255414527238,1448.32713779248,0.29489446558614
"Sep 2003",1447.60106666667,1445.07214550167,2.64028015581439,1447.71242565749,-0.111358990820236
"Okt 2003",1446.75174193548,1445.07970735614,1.97409989161758,1447.05380724776,-0.302065312272589
"Nov 2003",1446.3477,1445.08035765707,-0.103755238091304,1444.97660241897,1.37109758102542
"Dez 2003",1442.5925483871,1445.08100795799,-3.30638882775373,1441.77461913024,0.817929256857724
"Jan 2004",1440.24135483871,1445.08165825892,-4.14546087277504,1440.93619738614,-0.694842547435201
"Feb 2004",1440.2384137931,1445.08230855985,-4.53276592984362,1440.54954263,-0.31112883689957
"Mär 2004",1440.27283870968,1445.08295886077,-3.85628120350179,1441.22667765727,-0.953838947594477
"Apr 2004",1442.99316666667,1445.0836091617,-0.160064250672359,1444.92354491103,-1.93037824436169
"Mai 2004",1446.84222580645,1445.08425946263,2.09794991096665,1447.18220937359,-0.339983567142554
"Jun 2004",1447.68493333333,1445.08490976355,2.9078047909741,1447.99271455453,-0.307781221195
"Jul 2004",1448.09216129032,1445.08556006448,3.23281706745483,1448.31837713194,-0.226215841613566
"Aug 2004",1448.23193548387,1445.08621036541,3.21388525811125,1448.30009562352,-0.0681601396486258
"Sep 2004",1447.76566666667,1445.08686066634,2.59620730422947,1447.68306797056,0.082598696101968
"Okt 2004",1446.97180645161,1445.08751096726,1.9305447662225,1447.01805573348,-0.0462492818717237
"Nov 2004",1446.0388,1445.08816126819,-0.0812868751146956,1445.00687439307,1.0319256069256
"Dez 2004",1440.3135483871,1445.08836894445,-3.24302023470262,1441.84534870975,-1.53180032265414
"Jan 2005",1440.26703225806,1445.08857662072,-4.09915861302464,1440.98941800769,-0.722385749628529
"Feb 2005",1440.23792857143,1445.08878429698,-4.52029162477942,1440.5684926722,-0.330564100774154
"Mär 2005",1441.84593548387,1445.08899197325,-3.81050081166732,1441.27849116158,0.567444322291976
"Apr 2005",1446.43943333333,1445.08919964951,-0.0843296032499279,1445.00487004626,1.43456328707271
"Mai 2005",1447.11887096774,1445.08940732577,2.0571331100407,1447.14654043582,-0.0276694680735545
"Jun 2005",1448.07686666667,1445.08961500204,2.86875112662314,1447.95836612866,0.118500538004355
"Jul 2005",1448.24970967742,1445.0898226783,3.19020102087275,1448.28002369918,-0.0303140217567943
"Aug 2005",1447.99390322581,1445.09003035457,3.16744550734237,1448.25747586191,-0.263572636103618
"Sep 2005",1447.70433333333,1445.09023803083,2.55461190247514,1447.64484993331,0.0594834000262381
"Okt 2005",1446.88503225806,1445.0904457071,1.88956941880872,1446.98001512591,-0.0949828678405993
"Nov 2005",1446.50826666667,1445.09065338336,-0.0561364060060651,1445.03451697735,1.4737496893124
"Dez 2005",1446.20364516129,1445.09086105962,-3.17703898407869,1441.91382207555,4.28982308574427
"Jan 2006",1442.13696774194,1445.09450760711,-4.07211811001943,1441.02238949709,1.11457824484637
"Feb 2006",1440.20821428571,1445.09815415459,-4.49829497618393,1440.59985917841,-0.391644892693876
"Mär 2006",1440.21732258065,1445.10180070208,-3.78738232293552,1441.31441837914,-1.09709579849459
"Apr 2006",1446.34753333333,1445.10544724956,-0.0716910414909171,1445.03375620807,1.31377712526523
"Mai 2006",1447.08406451613,1445.10909379704,2.03498396893329,1447.14407776598,-0.0600132498470884
"Jun 2006",1447.87203333333,1445.11274034453,2.84637035183897,1447.95911069637,-0.0870773630319945
"Jul 2006",1448.57132258065,1445.11638689201,3.16963969954616,1448.28602659156,0.285295989089036
"Aug 2006",1447.64132258065,1445.12003343949,3.144966916861,1448.26500035635,-0.623677775709211
"Sep 2006",1447.73,1445.12367998698,2.53425195600496,1447.65793194298,0.0720680570179866
"Okt 2006",1447.15967741935,1445.12732653446,1.86879431012734,1446.99612084459,0.163556574766744
"Nov 2006",1446.5015,1445.13097308194,-0.0435635547799837,1445.08740952716,1.41409047283582
"Dez 2006",1440.30635483871,1445.13461962943,-3.14603054504958,1441.98858908438,-1.6822342456685
"Jan 2007",1440.28293548387,1445.13826617691,-4.04575047486831,1441.09251570204,-0.809580218172187
"Feb 2007",1440.25482142857,1445.14141516693,-4.47683343825781,1440.66458172867,-0.409760300096195
"Mär 2007",1443.55409677419,1445.14456415694,-3.76466118768836,1441.37990296925,2.17419380494243
"Apr 2007",1446.6814,1445.14771314695,-0.0592809280846108,1445.08843221887,1.59296778113139
"Mai 2007",1447.23387096774,1445.15086213697,2.01277528460512,1447.16363742157,0.0702335461694474
"Jun 2007",1447.88523333333,1445.15401112698,2.82409001156445,1447.97810113855,-0.092867805212336
"Jul 2007",1448.1214516129,1445.157160117,3.14933879045961,1448.30649890745,-0.185047294551623
"Aug 2007",1448.08122580645,1445.16030910701,3.12281625780152,1448.28312536481,-0.201899558359173
"Sep 2007",1447.54153333333,1445.16345809702,2.51428746013854,1447.67774555716,-0.136212223828579
"Okt 2007",1447.05574193548,1445.16660708704,1.84837046858535,1447.01497755562,0.0407643798614572
"Nov 2007",1444.0395,1445.16975607705,-0.0306836198788774,1445.13907245717,-1.09957245717237
"Dez 2007",1440.28358064516,1445.17290506707,-3.11480054975995,1442.05810451731,-1.77452387214385
"Jan 2008",1440.25080645161,1445.17605405708,-4.01924681087119,1441.15680724621,-0.906000794595002
"Feb 2008",1440.26124137931,1445.17920304709,-4.45529067874671,1440.72391236835,-0.462670989036042
"Mär 2008",1440.27761290323,1445.17859465496,-3.74191363811725,1441.43668101685,-1.15906811362061
"Apr 2008",1441.531,1445.17798626283,-0.0468571809366324,1445.1311290819,-3.60012908189742
"Mai 2008",1447.14780645161,1445.1773778707,1.99056745343634,1447.16794532414,-0.0201388725281504
"Jun 2008",1448.01383333333,1445.17676947858,2.80181009786962,1447.97857957644,0.0352537568887783
"Jul 2008",1448.24741935484,1445.17616108645,3.12903788137306,1448.30519896782,-0.0577796129800845
"Aug 2008",1448.27538709677,1445.17555269432,3.1006677011072,1448.27622039542,-0.000833298649013159
"Sep 2008",1447.61296666667,1445.17494430219,2.49432716900241,1447.66927147119,-0.0563048045225969
"Okt 2008",1446.8764516129,1445.17433591006,1.82797579054845,1447.00231170061,-0.125860087702449
"Nov 2008",1446.46933333333,1445.17372751793,-0.0177495626978662,1445.15597795523,1.31335537810332
"Dez 2008",1440.50683870968,1445.1731191258,-3.08342100089793,1442.0896981249,-1.58285941522286
"Jan 2009",1440.25580645161,1445.17251073367,-3.99249816200918,1441.18001257166,-0.92420612004662
"Feb 2009",1440.23925,1445.17190234154,-4.43330830457521,1440.73859403696,-0.499344036963976
"Mär 2009",1440.25909677419,1445.17129394941,-3.71853184409021,1441.45276210532,-1.19366533112611
"Apr 2009",1446.2891,1445.1694544836,-0.0335321161856011,1445.13592236742,1.15317763258122
"Mai 2009",1447.20874193548,1445.1676150178,1.96952801301775,1447.13714303082,0.0715989046670984
"Jun 2009",1447.9406,1445.16577555199,2.78096544661086,1447.9467409986,-0.00614099860467832
"Jul 2009",1448.24106451613,1445.16393608619,3.11043910640846,1448.2743751926,-0.0333106764676359
"Aug 2009",1448.42277419355,1445.16209662038,3.08041991267537,1448.24251653306,0.180257660490042
"Sep 2009",1447.78866666667,1445.16025715458,2.47646628026933,1447.63672343485,0.151943231819814
"Okt 2009",1447.00348387097,1445.15841768877,1.80977977677181,1446.96819746554,0.0352864054239035
"Nov 2009",1446.4831,1445.15657822297,-0.0025175793993949,1445.15406064357,1.32903935643276
"Dez 2009",1446.34577419355,1445.15473875716,-3.04979068003821,1442.10494807712,4.2408261164253
"Jan 2010",1445.47025806452,1445.15289929136,-3.98312566180808,1441.16977362955,4.30048443496844
"Feb 2010",1440.22071428571,1445.15105982555,-4.4280503319543,1440.7230094936,-0.502295207881843
"Mär 2010",1440.24687096774,1445.14922035975,-3.71149202179315,1441.43772833795,-1.1908573702101
"Apr 2010",1445.48453333333,1445.14738089394,-0.0261963747310955,1445.12118451921,0.36334881412472
"Mai 2010",1447.0914516129,1445.15154752166,1.96090505027799,1447.11245257194,-0.0210009590371101
"Jun 2010",1447.88473333333,1445.15571414939,2.77177140781578,1447.9274855572,-0.0427522238676374
"Jul 2010",1448.48574193548,1445.15988077711,3.1022528708454,1448.26213364795,0.223608287530624
"Aug 2010",1448.05870967742,1445.16404740483,3.07101731815466,1448.23506472299,-0.17635504556597
"Sep 2010",1447.45813333333,1445.16821403255,2.46855199979163,1447.63676603234,-0.178632699011587
"Okt 2010",1446.84087096774,1445.17238066028,1.80152350362621,1446.9739041639,-0.133033196160341
"Nov 2010",1445.0497,1445.176547288,0.00729251225714294,1445.18383980026,-0.13413980025598
"Dez 2010",1440.28019354839,1445.18071391572,-3.03977768896148,1442.14093622676,-1.86074267837284
"Jan 2011",1440.24135483871,1445.18488054344,-3.97377471791939,1441.21110582552,-0.969750986815143
"Feb 2011",1440.22603571429,1445.18904717117,-4.42275415514624,1440.76629301602,-0.540257301734982
"Mär 2011",1442.43367741935,1445.19321379889,-3.70435423480932,1441.48885956408,0.944817855274323
"Apr 2011",1446.7724,1445.19738042661,-0.0186883959089157,1445.1786920307,1.59370796929647
"Mai 2011",1447.45287096774,1445.20154705434,1.95252859758682,1447.15407565192,0.298795315819916
"Jun 2011",1447.89016666667,1445.2129948471,2.76288134199259,1447.97587618909,-0.0857095224223485
"Jul 2011",1448.06077419355,1445.22444263986,3.09442807117753,1448.31887071103,-0.258096517486365
"Aug 2011",1448.31790322581,1445.23589043262,3.06196900196603,1448.29785943458,0.0200437912221787
"Sep 2011",1447.96533333333,1445.24733822538,2.46098484008291,1447.70832306546,0.25701026787101
"Okt 2011",1447.13406451613,1445.25878601814,1.79355353422243,1447.05233955236,0.0817249637661916
"Nov 2011",1446.56013333333,1445.2702338109,0.0173280906283418,1445.28756190153,1.2725714318035
"Dez 2011",1441.10161290323,1445.28168160366,-3.02960549913883,1442.25207610452,-1.15046320129818
"Jan 2012",1440.26525806452,1445.29312939642,-3.96433086325355,1441.32879853317,-1.06354046865431
"Feb 2012",1440.23893103448,1445.30457718918,-4.41740263113002,1440.88717455805,-0.648243523572091
"Mär 2012",1441.35403225806,1445.31602498195,-3.69719866418637,1441.61882631776,-0.264794059695078
"Apr 2012",1446.52713333333,1445.32747277471,-0.011171231431479,1445.31630154328,1.21083179005768
"Mai 2012",1447.16780645161,1445.33892056747,1.94415273256704,1447.28307330004,-0.115266848422152
"Jun 2012",1448.04853333333,1445.35036836023,2.7539915700051,1448.10435993023,-0.0558265969009426
"Jul 2012",1448.29487096774,1445.36696173196,3.08660327150966,1448.45356500347,-0.158694035723784
"Aug 2012",1448.40019354839,1445.38355510368,3.05292094448203,1448.43647604817,-0.0362824997780535
"Sep 2012",1447.64863333333,1445.40014847541,2.45341819778344,1447.85356667319,-0.204933339860418
"Okt 2012",1446.99077419355,1445.41674184714,1.78558714602463,1447.20232899316,-0.211554799613396
"Nov 2012",1444.44706666667,1445.43333521886,0.0273703140022499,1445.46070553287,-1.01363886619947
"Dez 2012",1440.31090322581,1445.44992859059,-3.01941574194556,1442.43051284865,-2.11960962283888
"Jan 2013",1440.27625806452,1445.46652196232,-3.95485851884916,1441.51166344347,-1.23540537895269
"Feb 2013",1440.25910714286,1445.48311533404,-4.41200284837447,1441.07111248567,-0.812005342813336
"Mär 2013",1441.64319354839,1445.49970870577,-3.68997506582326,1441.80973363995,-0.166540091561501
"Apr 2013",1446.51216666667,1445.5163020775,-0.00356375138554792,1445.51273832611,0.99942834055355
"Mai 2013",1446.96480645161,1445.53289544923,1.93588947094409,1447.46878492017,-0.503978468557079
"Jun 2013",1447.65433333333,1445.54948882095,2.74522828754225,1448.29471710849,-0.640383775161581
"Jul 2013",1448.21677419355,1445.56608219268,3.07891884749424,1448.64500104017,-0.428226846625421
"Aug 2013",1448.20670967742,1445.58000743785,3.04401257767199,1448.62402001552,-0.417310338102425
"Sep 2013",1447.62546666667,1445.59393268302,2.44599056117947,1448.0399232442,-0.414456577533201
"Okt 2013",1447.00774193548,1445.60785792819,1.77774620295293,1447.38560413114,-0.377862195659418
"Nov 2013",1444.36833333333,1445.62178317336,0.0375244219328729,1445.65930759529,-1.29097426196017
"Dez 2013",1440.3234516129,1445.63570841853,-3.00914090487805,1442.62656751365,-2.30311590074984
"Jan 2014",1440.28661290323,1445.6496336637,-3.94767788970386,1441.701955774,-1.41534287077161
"Feb 2014",1440.25907142857,1445.66355890887,-4.409338796657,1441.25422011221,-0.995148683643038
"Mär 2014",1443.48409677419,1445.67748415404,-3.68394825852682,1441.99353589551,1.49056087867893
"Apr 2014",1446.70873333333,1445.69140939921,0.00432311487193424,1445.69573251408,1.01300081924933
"Mai 2014",1447.05948387097,1445.70533464438,1.92961847269264,1447.63495311707,-0.575469246107104
"Jun 2014",1447.93373333333,1445.71925988955,2.73844445856712,1448.45770434812,-0.523971014786184
"Jul 2014",1448.08274193548,1445.73318513472,3.07283729381464,1448.80602242854,-0.723280493053608
"Aug 2014",1448.04251612903,1445.74711037989,3.03714398096842,1448.78425436086,-0.741738231829231
"Sep 2014",1447.6323,1445.75326105277,2.44013397407135,1448.19339502684,-0.561095026838302
"Okt 2014",1447.18709677419,1445.75941172564,1.77165169773476,1447.53106342338,-0.343966649182221
"Nov 2014",1446.57416666667,1445.76556239851,0.0435182196631532,1445.80908061818,0.765086048488683
"Dez 2014",1446.40380645161,1445.77171307139,-3.00180128862098,1442.76991178277,3.63389466884496
"Jan 2015",1443.43896774194,1445.77786374426,-3.94047898006727,1441.8373847642,1.60158297773978
"Feb 2015",1440.26264285714,1445.78401441714,-4.40663225083849,1441.3773821663,-1.11473930915531
"Mär 2015",1441.098,1445.79016509001,-3.67785474351958,1442.11231034649,-1.01431034649113
"Apr 2015",1446.58683333333,1445.79631576288,0.0122915398643378,1445.80860730275,0.778226030584392
"Mai 2015",1447.30209677419,1445.80246643576,1.92344388420022,1447.72591031996,-0.42381354576537
"Jun 2015",1447.97103333333,1445.80861710863,2.73176078571351,1448.54037789435,-0.56934456101294
"Jul 2015",1448.60758064516,1445.81476778151,3.06685964261902,1448.88162742413,-0.274046778964248
"Aug 2015",1448.30619354839,1445.82091845438,3.03036890657284,1448.85128736095,-0.54509381256662
"Sep 2015",1447.5235,1445.82706912725,2.43436052909522,1448.26142965635,-0.737929656349934
"Okt 2015",1446.81990322581,1445.81710031043,1.76562268906587,1447.58272299949,-0.762819773684896
"Nov 2015",1446.5973,1445.8071314936,0.0495598683599963,1445.85669136196,0.740608638043568
"Dez 2015",1446.34774193548,1445.79716267677,-2.99442899395078,1442.80273368282,3.54500825266723
"Jan 2016",1446.28438709677,1445.78719385994,-3.93326256457096,1441.85393129537,4.43045580140688
"Feb 2016",1446.26717241379,1445.77722504311,-4.40391552776813,1441.37330951534,4.89386289845197
"Mär 2016",1446.29374193548,1445.76725622628,-3.67175837986835,1442.09549784641,4.1982440890722
"Apr 2016",1446.5455,1445.75728740945,0.020261425599458,1445.77754883505,0.767951164949409
"Mai 2016",1446.90609677419,1445.74731859262,1.91726936854924,1447.66458796117,-0.758491186977608
"Jun 2016",1447.79103333333,1445.73734977579,2.72507714928061,1448.46242692507,-0.67139359174007
"Jul 2016",1448.2345483871,1445.72738095896,3.06088199142341,1448.78826295039,-0.553714563290441
"Aug 2016",1448.18525806452,1445.71741214213,3.02359376323662,1448.74100590537,-0.555747840855247
"Sep 2016",1447.8026,1445.70744332531,2.42858694623782,1448.13603027154,-0.333430271543421
"Okt 2016",1446.79825806452,1445.69747450848,1.75959253746592,1447.45706704594,-0.658808981426318
"Nov 2016",1446.4652,1445.68504332891,0.0555993690759808,1445.74064269799,0.724557302012954
"Dez 2016",1446.32051612903,1445.67261214935,-2.98706241747176,1442.68554973187,3.63496639715822
"Jan 2017",1446.24161290323,1445.66018096978,-3.92605543747616,1441.7341255323,4.50748737092158
"Feb 2017",1446.23025,1445.64774979022,-4.40121474275861,1441.24653504746,4.98371495254355
"Mär 2017",1446.37074193548,1445.63531861065,-3.66568460393729,1441.96963400671,4.40110792877135
"Apr 2017",1446.67013333333,1445.62288743108,0.0281981270653636,1445.65108555815,1.01904777518348
"Mai 2017",1447.11712903226,1445.61045625152,1.91105107208001,1447.5215073236,-0.40437829134089
"Jun 2017",1448.21623333333,1445.59802507195,2.71833408418938,1448.31635915614,-0.100125822809787
"Jul 2017",1448.26387096774,1445.58559389239,3.05482926372938,1448.64042315612,-0.376552188375854
"Aug 2017",1448.36283870968,1445.57316271282,3.01672345658388,1448.58988616941,-0.227047459729647
"Sep 2017",1447.37066666667,1445.56073153326,2.4226981132458,1447.9834296465,-0.612762979836816
"Okt 2017",1447.01990322581,1445.54830035369,1.75342590501225,1447.3017262587,-0.281823032898046
"Nov 2017",1442.34403333333,1445.53586917413,0.0614811582191502,1445.59735033235,-3.2533169990129
"Dez 2017",1440.22632258065,1445.52058710422,-2.9798700744272,1442.5407170298,-2.31439444915168
"Jan 2018",1440.21364516129,1445.50530503432,-3.91851853093831,1441.58678650338,-1.37314134209214
"Feb 2018",1440.192,1445.49002296442,-4.39716899365722,1441.09285397076,-0.900853970760636
"Mär 2018",1440.18670967742,1445.47474089451,-3.6592866230575,1441.81545427146,-1.6287445940377
"Apr 2018",1445.38143333333,1445.45945882461,0.033883529420725,1445.49334235403,-0.111909020699159
"Mai 2018",1447.36093548387,1445.44417675471,1.90526254059649,1447.34943929531,0.0114961885658431
"Jun 2018",1448.0527,1445.42889468481,2.71217363223696,1448.14106831704,-0.0883683170425229
"Jul 2018",1448.37725806452,1445.4136126149,3.04932987929946,1448.4629424942,-0.0856844296856707
"Aug 2018",1448.42432258065,1445.398330545,3.01069361738002,1448.40902416238,0.0152984182659566
"Sep 2018",1447.97903333333,1445.3830484751,2.41731478743076,1447.80036326253,0.178670070806447
"Okt 2018",1447.19241935484,1445.36776640519,1.74788728009228,1447.11565368529,0.0767656695531969
"Nov 2018",1446.58326666667,1445.35248433529,0.0648733543660919,1445.41735768966,1.16590897701076
"Dez 2018",1446.41709677419,1445.33720226539,-2.97249194008013,1442.36471032531,4.05238644888686
"Jan 2019",1440.26938709677,1445.31855903838,-3.91103371500046,1441.40752532338,-1.13813822660313
"Feb 2019",1440.268,1445.29991581137,-4.39315865032375,1440.90675716104,-0.638757161044623
"Mär 2019",1440.32690322581,1445.28127258436,-3.65290736311357,1441.62836522125,-1.30146199543924
"Apr 2019",1440.88763333333,1445.26262935735,0.039560647814615,1445.30219000516,-4.41455667183141
"Mai 2019",1446.79896774194,1445.24398613034,1.89947616212589,1447.14346229247,-0.344494550531408
"Jun 2019",1448.0541,1445.22534290333,2.70602045623398,1447.93136335957,0.122736640434368
"Jul 2019",1448.44119354839,1445.20669967632,3.04384289375552,1448.25054257008,0.190650978309122
"Aug 2019",1448.37058064516,1445.18805644931,3.00467676788464,1448.1927332172,0.177847427963343
"Sep 2019",1447.72363333333,1445.1694132223,2.41194504214672,1447.58135826445,0.142275068882327
"Okt 2019",1447.17932258065,1445.15076999529,1.7423600968718,1446.89313009217,0.286192488478491
"Nov 2019",1444.93223333333,1445.13212676829,0.0682748533810076,1445.20040162167,-0.2681682883333
"Dez 2019",1440.35951612903,1445.11348354128,-2.96510587288048,1442.1483776684,-1.78886153936378
"Jan 2020",1440.30048387097,1445.09484031427,-3.90354233622542,1441.19129797804,-0.89081410707422
"Feb 2020",1440.31803448276,1445.07374828387,-4.38913895834208,1440.68460932553,-0.36657484277066
"Mär 2020",1440.376,1445.05265625348,-3.64651596871041,1441.40614028476,-1.03014028476468
"Apr 2020",1445.1364,1445.03156422308,0.0452559637414717,1445.07682018682,0.0595798131794254
"Mai 2020",1447.47361290323,1445.01047219268,1.89371404426198,1446.90418623694,0.569426666280833
"Jun 2020",1447.73376666667,1444.98938016229,2.69989687471655,1447.689277037,0.0444896296633033
"Jul 2020",1448.36209677419,1444.96828813189,3.03839083657597,1448.00667896847,0.355417805727029
"Aug 2020",1448.25587096774,1444.94719610149,2.99869853935452,1447.94589464085,0.309976326892865
"Sep 2020",1447.63763333333,1444.9261040711,2.40661761042879,1447.33272168153,0.304911651806151
"Okt 2020",1446.80051612903,1444.9050120407,1.73687801072586,1446.64189005143,0.15862607760414
"Nov 2020",1445.96006666667,1444.88392001031,0.071724232978902,1444.95564424328,1.00442242338181
"Dez 2020",1440.32438709677,1444.86282797991,-2.95767197119142,1441.90515600872,-1.58076891194423
